uniq,SUBJID,1_17634547_17634563,1_9756480_9756511,10_110132304_110132401,10_7806973_7807011,10_84499874_84499960,10_95414493_95414863,11_57791384_57791674,12_121244572_121244616,14_103498501_103498529,17_17180606_17180670,19_10921374_10921444,19_7905807_7905856,2_46958494_46958553,22_29531077_29531111,7_134935687_134935766,9_128609650_128609666,9_2651414_2651499,X_31126641_31126674
GTEX-11DXX-0005-SM-5NQ8B,GTEX-11DXX,0.5,0.0,0.6972111553784861,0.9507389162561576,0.0,1.0,1.0,0.005780346820809248,0.004672897196261682,0.045454545454545456,0.6097560975609756,0.07692307692307693,0.061224489795918366,0.09236947791164658,,0.20833333333333334,0.0,
GTEX-11DXX-0008-SM-5Q5B8,GTEX-11DXX,0.7804878048780488,0.47085201793721976,0.018292682926829267,0.6289592760180995,0.44680851063829785,1.0,0.6962025316455697,0.4845360824742268,0.6846473029045643,0.8878248974008208,0.14893617021276595,0.8666666666666667,0.375,0.4405594405594406,0.03210349784379492,0.003861003861003861,0.6888888888888889,0.42857142857142855
GTEX-11DXX-0126-SM-5EGH7,GTEX-11DXX,0.5789473684210527,0.0593607305936073,0.28,0.9650937297996122,0.3333333333333333,0.68,0.9402985074626866,0.07317073170731707,0.3377049180327869,0.5202020202020202,0.2967032967032967,0.3333333333333333,0.2978723404255319,0.14583333333333334,0.08314606741573034,0.3333333333333333,0.1891891891891892,0.2
GTEX-11DXX-0226-SM-5P9HL,GTEX-11DXX,0.7972350230414746,0.36666666666666664,0.37341772151898733,0.8470800722456352,0.2631578947368421,0.8873239436619719,0.45390070921985815,0.2857142857142857,0.35347432024169184,0.6195965417867435,0.2237442922374429,0.4,0.31092436974789917,0.5454545454545454,0.4359925788497217,0.2721311475409836,0.1079136690647482,0.4146341463414634
GTEX-11DXX-0326-SM-5PNWC,GTEX-11DXX,0.22994652406417113,0.7313432835820896,0.012048192771084338,0.022306855277475515,0.9789473684210527,0.9681093394077449,0.9285714285714286,0.3333333333333333,0.9476861167002012,0.9903961584633854,0.7868852459016393,0.8928571428571429,0.7777777777777778,0.918918918918919,0.5255255255255256,0.4122448979591837,0.9755102040816327,0.9310344827586207
GTEX-11DXX-0426-SM-5EQ5F,GTEX-11DXX,0.8922413793103449,0.7446808510638298,0.022222222222222223,0.39923954372623577,0.6285714285714286,0.9476268412438625,0.8901098901098901,0.7843137254901961,0.856,0.9828877005347594,0.1728395061728395,0.7543859649122807,0.7872340425531915,0.9253731343283582,0.8885869565217391,0.11688311688311688,0.6039603960396039,0.5166666666666667
GTEX-11DXX-0526-SM-5PNVR,GTEX-11DXX,0.24528301886792453,0.788235294117647,0.018633540372670808,0.057129586623316304,0.908256880733945,0.9428571428571428,0.8395061728395061,0.35,0.9235668789808917,0.9656538969616909,0.671875,0.8431372549019608,0.7,0.8390804597701149,0.618018018018018,0.34763948497854075,0.8807339449541285,0.7475728155339806
GTEX-11DXX-0626-SM-5Q5AG,GTEX-11DXX,0.6981132075471698,0.5164835164835165,0.28846153846153844,0.7650429799426934,0.3611111111111111,0.7931034482758621,0.7291666666666666,0.30120481927710846,0.4884910485933504,0.771978021978022,0.17037037037037037,0.4666666666666667,0.2647058823529412,0.5056179775280899,0.23809523809523808,0.2762237762237762,0.4,0.7910447761194029
GTEX-11DXX-0726-SM-5H12X,GTEX-11DXX,0.5151515151515151,0.022222222222222223,0.8674698795180723,0.9440559440559441,0.043478260869565216,0.16666666666666666,0.972972972972973,0.05970149253731343,0.2722371967654987,0.224105461393597,0.2976190476190476,0.3,0.2602739726027397,0.3,0.20430107526881722,0.26573426573426573,1.0,0.0
GTEX-11DXX-0826-SM-5GZZP,GTEX-11DXX,0.8406015037593985,0.6941176470588235,0.01680672268907563,0.5031847133757962,0.7831325301204819,0.9088372093023256,0.9,0.7454545454545455,0.8631921824104235,0.9715976331360947,0.11297071129707113,0.9230769230769231,0.6986301369863014,0.9187817258883249,0.7991058122205663,0.22291021671826625,0.36,0.6902654867256637
GTEX-11DXX-0926-SM-5H112,GTEX-11DXX,0.9764705882352941,0.006993006993006993,0.8787878787878788,0.9839228295819936,0.037037037037037035,0.391304347826087,0.16216216216216217,0.08571428571428572,0.058823529411764705,0.2818991097922849,0.12962962962962962,0.1891891891891892,0.05405405405405406,0.058823529411764705,0.30434782608695654,0.0743801652892562,0.023255813953488372,0.025
GTEX-11DXX-1026-SM-5H11E,GTEX-11DXX,0.680365296803653,0.6753246753246753,0.07317073170731707,0.5338709677419354,0.6521739130434783,0.9243986254295533,0.9489795918367347,0.8758620689655172,0.8626865671641791,0.9486673247778875,0.21621621621621623,0.8709677419354839,0.8148148148148148,0.95,0.9816225907664724,0.15519568151147098,0.2857142857142857,0.8753709198813057
GTEX-11DXX-1126-SM-5GZZK,GTEX-11DXX,0.9179487179487179,0.15508021390374332,0.4188034188034188,0.9556400506970849,0.10112359550561797,0.9577464788732394,0.10602409638554217,0.17647058823529413,0.20689655172413793,0.5160256410256411,0.1826086956521739,0.15,0.024,0.3018867924528302,0.7375690607734806,0.11777301927194861,0.13559322033898305,0.5172413793103449
GTEX-11DXX-1226-SM-5GICD,GTEX-11DXX,0.55,0.5167785234899329,0.03553299492385787,0.6370106761565836,0.48148148148148145,0.8648255813953488,0.8817204301075269,0.7435897435897436,0.8285714285714286,0.9468845760980592,0.21774193548387097,0.7739130434782608,0.5,0.8686868686868687,0.9226293442365152,0.18421052631578946,0.1504424778761062,0.7741935483870968
GTEX-11DXX-1326-SM-5GIDZ,GTEX-11DXX,0.859375,0.15789473684210525,0.7372262773722628,0.9804081632653061,0.0,0.5466666666666666,0.2606060606060606,0.23076923076923078,0.12457912457912458,0.2998324958123953,0.3008130081300813,0.3142857142857143,0.07692307692307693,0.17647058823529413,0.5542857142857143,0.17535545023696683,0.05263157894736842,0.0967741935483871
GTEX-11DXX-1426-SM-5GIDU,GTEX-11DXX,0.34615384615384615,0.7109375,0.0625,0.5209235209235209,0.47058823529411764,0.9130434782608695,0.8256410256410256,0.47619047619047616,0.86,0.8833819241982507,0.2,0.855072463768116,0.7948717948717948,0.6875,0.18622174381054898,0.2896,0.439469320066335,0.4567901234567901
GTEX-11DXX-1526-SM-5H115,GTEX-11DXX,0.7441860465116279,0.8116343490304709,0.02097902097902098,0.5484536082474227,0.6363636363636364,0.8723404255319149,0.8620689655172413,0.8290598290598291,0.9011627906976745,0.9651860744297719,0.19101123595505617,0.873015873015873,0.7692307692307693,0.8984375,0.5283620140216698,0.18057285180572852,0.5283018867924528,0.27586206896551724
GTEX-11DXX-1626-SM-5H11H,GTEX-11DXX,0.9010989010989011,0.11494252873563218,0.7352941176470589,0.9433962264150944,0.14893617021276595,0.8823529411764706,0.21052631578947367,0.14074074074074075,0.2038369304556355,0.27586206896551724,0.21052631578947367,0.4794520547945205,0.08045977011494253,0.375,0.4647058823529412,0.19111111111111112,0.5,0.22580645161290322
GTEX-11DXX-1726-SM-5H11T,GTEX-11DXX,0.9081632653061225,0.24087591240875914,0.5055350553505535,0.7972270363951474,0.16363636363636364,1.0,0.2611464968152866,0.4444444444444444,0.3421750663129973,0.6927710843373494,0.19310344827586207,0.38235294117647056,0.16279069767441862,0.47572815533980584,0.293598233995585,0.24528301886792453,0.02857142857142857,0.16666666666666666
GTEX-11DXX-1826-SM-5H126,GTEX-11DXX,0.8924731182795699,0.05952380952380952,0.825503355704698,0.9706994328922496,0.13043478260869565,0.7777777777777778,0.17365269461077845,0.0975609756097561,0.16,0.32701421800947866,0.20175438596491227,0.24528301886792453,0.07246376811594203,0.375,0.57,0.20579710144927535,0.08108108108108109,0.2
GTEX-11DXX-1926-SM-5EGJK,GTEX-11DXX,0.7627118644067796,0.7046979865771812,0.022727272727272728,0.3824503311258278,0.7142857142857143,0.9316770186335404,0.9323671497584541,0.8344827586206897,0.89937106918239,0.9488229273285568,0.21232876712328766,0.8861788617886179,0.9310344827586207,0.9363636363636364,0.9484518249437813,0.3456561922365989,0.3442622950819672,0.8641509433962264
GTEX-11DXX-2026-SM-5EGJL,GTEX-11DXX,0.775,0.7115384615384616,0.034482758620689655,0.6766575840145322,0.6956521739130435,0.8764705882352941,0.9562043795620438,0.5,0.7697841726618705,0.9477756286266924,0.1907514450867052,0.9104477611940298,0.7714285714285715,0.7808219178082192,0.7722222222222223,0.2906666666666667,0.5616438356164384,0.62
GTEX-11DXX-2126-SM-5PNYR,GTEX-11DXX,0.9795221843003413,0.07514450867052024,0.42424242424242425,0.9227799227799228,0.05,0.5555555555555556,0.24050632911392406,0.25806451612903225,0.31496062992125984,0.3630831643002028,0.07177033492822966,0.5263157894736842,0.06382978723404255,0.1724137931034483,0.1834862385321101,0.24607329842931938,0.16666666666666666,0.1
GTEX-11DXX-2426-SM-5GZZW,GTEX-11DXX,0.9314285714285714,0.17557251908396945,0.1619718309859155,0.7515923566878981,0.14285714285714285,0.9047619047619048,0.23170731707317074,0.12941176470588237,0.4069767441860465,0.5059880239520959,0.17687074829931973,0.5596330275229358,0.3162393162393162,0.36538461538461536,0.20496894409937888,0.43795620437956206,0.3684210526315789,0.12121212121212122
GTEX-11DXX-2526-SM-5H119,GTEX-11DXX,0.3333333333333333,0.8688524590163934,0.013377926421404682,0.4931605471562275,0.8823529411764706,0.5842293906810035,0.9340659340659341,0.23529411764705882,0.8358662613981763,0.6326086956521739,0.44642857142857145,0.625,0.7101449275362319,0.6106194690265486,0.14230019493177387,0.7991266375545851,0.9393939393939394,0.9227467811158798
GTEX-11DXX-2626-SM-5Q5A3,GTEX-11DXX,0.875993640699523,0.8267716535433071,0.0,0.4375,0.6341463414634146,0.8994764397905759,0.8253968253968254,0.9224806201550387,0.8432835820895522,0.9823576583801122,0.125,0.9090909090909091,0.7721518987341772,0.9380530973451328,0.8442776735459663,0.07194244604316546,0.4666666666666667,0.7184466019417476
GTEX-11DXX-2726-SM-5PNXO,GTEX-11DXX,0.9683257918552036,0.8297872340425532,0.0,0.04721030042918455,0.9329608938547486,0.9776286353467561,0.8787878787878788,0.7857142857142857,0.9706601466992665,0.9602319801159901,0.8389458272327965,0.9844357976653697,0.8181818181818182,0.9591836734693877,0.6358543417366946,0.48148148148148145,0.937007874015748,0.9530791788856305
GTEX-11EQ9-0008-SM-5Q5DK,GTEX-11EQ9,0.8333333333333334,0.2,0.0,0.4243871378541866,0.3333333333333333,1.0,1.0,0.6326530612244898,0.7330754352030948,0.9013452914798207,0.12658227848101267,1.0,0.25,0.1724137931034483,0.043478260869565216,0.0,0.7142857142857143,1.0
GTEX-11EQ9-0126-SM-5986I,GTEX-11EQ9,0.1346153846153846,0.047619047619047616,0.023255813953488372,0.9592021758839528,0.02702702702702703,0.8333333333333334,0.9751552795031055,0.08641975308641975,0.34328358208955223,0.4385245901639344,0.296551724137931,0.24675324675324675,0.32231404958677684,0.12903225806451613,0.07654320987654321,0.07838479809976247,0.1134020618556701,0.24731182795698925
GTEX-11EQ9-0226-SM-5A5JX,GTEX-11EQ9,0.5728155339805825,0.45454545454545453,0.2413793103448276,0.7430972388955582,0.2523364485981308,0.6788321167883211,0.4,0.25806451612903225,0.3345132743362832,0.6803921568627451,0.2185430463576159,0.3090909090909091,0.30434782608695654,0.2222222222222222,0.380327868852459,0.39872068230277186,0.2708333333333333,0.35135135135135137
GTEX-11EQ9-0426-SM-5A5JY,GTEX-11EQ9,0.2830188679245283,0.11320754716981132,0.7004405286343612,0.9012987012987013,0.2,0.4,0.9235668789808917,0.12258064516129032,0.2557077625570776,0.4755381604696673,0.32432432432432434,0.3170731707317073,0.2926829268292683,0.14285714285714285,0.17647058823529413,0.09569377990430622,0.5849056603773585,0.3333333333333333
GTEX-11EQ9-0526-SM-5A5JZ,GTEX-11EQ9,0.9706314243759178,0.3333333333333333,0.2903225806451613,0.9778924097273397,0.09090909090909091,0.7922077922077922,0.46835443037974683,0.034482758620689655,0.248868778280543,0.9365853658536586,0.14465408805031446,0.16666666666666666,0.1111111111111111,0.22727272727272727,0.09954751131221719,0.17346938775510204,0.4444444444444444,0.2839506172839506
GTEX-11EQ9-0626-SM-5A5K1,GTEX-11EQ9,0.6954732510288066,0.3246753246753247,0.4573643410852713,0.8005923000987167,0.30864197530864196,0.65,0.49333333333333335,0.3333333333333333,0.2594142259414226,0.6056129985228951,0.2558139534883721,0.5061728395061729,0.3148148148148148,0.352112676056338,0.25200356188780054,0.24962178517397882,0.036585365853658534,0.3230769230769231
GTEX-11EQ9-0726-SM-5A5K2,GTEX-11EQ9,0.918552036199095,0.15025906735751296,0.5,0.9325236167341431,0.1568627450980392,0.8731707317073171,0.15384615384615385,0.22448979591836735,0.11598746081504702,0.37065637065637064,0.07339449541284404,0.3684210526315789,0.08045977011494253,0.23684210526315788,0.8444924406047516,0.11274509803921569,0.0989010989010989,0.5789473684210527
GTEX-11EQ9-0826-SM-5986Y,GTEX-11EQ9,0.6721311475409836,0.7735849056603774,0.0125,0.4564983888292159,0.71900826446281,0.9308781869688385,0.9634146341463414,0.7984496124031008,0.7681159420289855,0.9350282485875706,0.16161616161616163,0.8540145985401459,0.8235294117647058,0.7073170731707317,0.973846885401807,0.3134920634920635,0.37142857142857144,0.8315018315018315
GTEX-11EQ9-0926-SM-5HL6I,GTEX-11EQ9,0.6853932584269663,0.865546218487395,0.04504504504504504,0.4881516587677725,0.6,0.9042123485285631,0.8918918918918919,0.8319327731092437,0.8661971830985915,0.9658914728682171,0.17105263157894737,0.8301886792452831,1.0,0.7592592592592593,0.9809342230695901,0.18518518518518517,0.2903225806451613,0.8256410256410256
GTEX-11EQ9-1026-SM-5H134,GTEX-11EQ9,0.952191235059761,0.0,0.8962962962962963,0.9706601466992665,0.17647058823529413,0.16129032258064516,0.28846153846153844,0.05660377358490566,0.04392764857881137,0.31125827814569534,0.11475409836065574,0.2727272727272727,0.20833333333333334,0.06666666666666667,0.29411764705882354,0.11594202898550725,0.050505050505050504,0.047619047619047616
GTEX-11EQ9-1126-SM-5987I,GTEX-11EQ9,0.25333333333333335,0.6,0.034013605442176874,0.4353826850690088,0.625,0.7391304347826086,0.8529411764705882,0.22727272727272727,0.6556603773584906,0.9079136690647482,0.18811881188118812,0.8518518518518519,0.5454545454545454,0.39325842696629215,0.16853932584269662,0.3493975903614458,0.8108108108108109,0.8214285714285714
GTEX-11EQ9-1226-SM-5987E,GTEX-11EQ9,0.6329113924050633,0.8604651162790697,0.033707865168539325,0.4930747922437673,0.7611940298507462,0.9102040816326531,0.9151515151515152,0.7849462365591398,0.7738095238095238,0.9438377535101404,0.21333333333333335,0.8478260869565217,0.7619047619047619,0.6778523489932886,0.9432709716354858,0.22250639386189258,0.41333333333333333,0.7739130434782608
GTEX-11EQ9-1326-SM-5985X,GTEX-11EQ9,0.8311111111111111,0.10559006211180125,0.8293515358361775,0.9570592062459337,0.08,0.6271186440677966,0.23870967741935484,0.11290322580645161,0.16560509554140126,0.2835249042145594,0.28859060402684567,0.373134328358209,0.047619047619047616,0.2542372881355932,0.6641221374045801,0.11392405063291139,1.0,0.21052631578947367
GTEX-11EQ9-1426-SM-5987G,GTEX-11EQ9,0.7235772357723578,0.851063829787234,0.08843537414965986,0.40558659217877097,0.7045454545454546,0.8884892086330936,0.9101123595505618,0.8740157480314961,0.7933333333333333,0.8821603927986906,0.18627450980392157,0.792,0.6923076923076923,0.734375,0.9351758793969849,0.2778993435448578,0.3333333333333333,0.8357487922705314
GTEX-11EQ9-1526-SM-5PNY7,GTEX-11EQ9,0.765625,0.7560975609756098,0.05329153605015674,0.4872389791183295,0.5932203389830508,0.9067629678266579,0.9280575539568345,0.8388625592417062,0.7537796976241901,0.8961325966850828,0.13131313131313133,0.7964071856287425,0.6470588235294118,0.7483443708609272,0.9178674351585014,0.3023255813953488,0.2558139534883721,0.7909407665505227
GTEX-11EQ9-1626-SM-5PNY8,GTEX-11EQ9,0.8972972972972973,0.26495726495726496,0.41333333333333333,0.8595194085027726,0.05785123966942149,0.6097560975609756,0.4139194139194139,0.18811881188118812,0.3417085427135678,0.3893129770992366,0.03571428571428571,0.5041322314049587,0.09090909090909091,0.125,0.3180778032036613,0.18046132971506107,0.23076923076923078,0.29577464788732394
GTEX-11EQ9-1726-SM-5HL6U,GTEX-11EQ9,0.7281553398058253,0.6116504854368932,0.15463917525773196,0.4931506849315068,0.6470588235294118,0.941747572815534,0.8,0.7849462365591398,0.5884476534296029,0.9087837837837838,0.24210526315789474,0.7704918032786885,0.6,0.6774193548387096,0.9539763113367175,0.26973684210526316,0.41935483870967744,0.8472222222222222
GTEX-11EQ9-1826-SM-5Q5AJ,GTEX-11EQ9,0.6901408450704225,0.5862068965517241,0.033210332103321034,0.3256198347107438,0.4339622641509434,0.8275862068965517,0.8267716535433071,0.5588235294117647,0.7465753424657534,0.9039487726787621,0.14432989690721648,0.8461538461538461,0.6,0.5862068965517241,0.48639455782312924,0.3630952380952381,0.7923497267759563,0.5555555555555556
GTEX-11EQ9-1926-SM-5PNVV,GTEX-11EQ9,0.07692307692307693,0.12280701754385964,0.7180327868852459,0.8603773584905661,0.031315240083507306,0.3076923076923077,0.9899497487437185,0.15384615384615385,0.07692307692307693,0.10614525139664804,0.8100890207715133,0.07407407407407407,0.03296703296703297,0.019230769230769232,0.19753086419753085,0.4304635761589404,0.1111111111111111,0.16129032258064516
GTEX-11EQ9-2026-SM-5P9JI,GTEX-11EQ9,0.8608695652173913,0.1310344827586207,0.6363636363636364,0.7005714285714286,0.19540229885057472,0.5370370370370371,0.2219020172910663,0.152,0.163727959697733,0.4637223974763407,0.392,0.35766423357664234,0.18699186991869918,0.18811881188118812,0.4166666666666667,0.1678832116788321,0.02702702702702703,0.20689655172413793
GTEX-11EQ9-2126-SM-5PNVW,GTEX-11EQ9,0.9596774193548387,0.8333333333333334,0.02857142857142857,0.023066485753052916,0.9327731092436975,0.9636363636363636,0.9473684210526315,0.7777777777777778,0.896969696969697,0.9603469640644362,0.8082901554404145,0.9907407407407407,0.8461538461538461,0.9836065573770492,0.43103448275862066,0.6231884057971014,1.0,0.9812206572769953
GTEX-11EQ9-2226-SM-5987H,GTEX-11EQ9,0.7951959544879899,0.7735849056603774,0.0,0.43107769423558895,0.6330275229357798,0.9129113924050632,0.89,0.8926174496644296,0.8835616438356164,0.9810201660735468,0.07555555555555556,0.8918918918918919,0.7966101694915254,0.7687074829931972,0.8974261922785768,0.1864406779661017,0.4482758620689655,0.8260869565217391
GTEX-11EQ9-2326-SM-5HL5H,GTEX-11EQ9,0.494949494949495,0.7802197802197802,0.005698005698005698,0.42290076335877863,0.6893203883495146,0.6178660049627791,0.8706467661691543,0.2564102564102564,0.8188679245283019,0.5145813734713076,0.3939393939393939,0.6363636363636364,0.8360655737704918,0.5142857142857142,0.14161220043572983,0.8835164835164835,0.8823529411764706,0.9239130434782609
GTEX-11EQ9-2426-SM-5HL5T,GTEX-11EQ9,0.8916256157635468,0.13953488372093023,0.33766233766233766,0.8373015873015873,0.07142857142857142,0.6774193548387096,0.17791411042944785,0.20833333333333334,0.17886178861788618,0.24232081911262798,0.14666666666666667,0.25333333333333335,0.07142857142857142,0.13636363636363635,0.19008264462809918,0.25060827250608275,0.5,0.1836734693877551
GTEX-11EQ9-2526-SM-5HL66,GTEX-11EQ9,0.4658385093167702,0.5272727272727272,0.009900990099009901,0.44878048780487806,0.38028169014084506,0.9175257731958762,0.9130434782608695,0.4444444444444444,0.6901408450704225,0.8949096880131363,0.24855491329479767,0.7391304347826086,0.9148936170212766,0.6559139784946236,0.5225,0.35036496350364965,0.7681159420289855,0.6237623762376238
GTEX-11GSP-0006-SM-5N9EL,GTEX-11GSP,0.0,0.0,0.8873239436619719,0.9074074074074074,0.010752688172043012,1.0,1.0,0.0,0.00303951367781155,0.04918032786885246,0.5707762557077626,0.2765957446808511,0.14285714285714285,0.18032786885245902,0.0,0.3935483870967742,0.0,0.0
GTEX-11GSP-0008-SM-5Q5DM,GTEX-11GSP,0.7272727272727273,0.5633802816901409,0.0313588850174216,0.5894641235240691,0.391304347826087,0.7142857142857143,0.7183098591549296,0.4594594594594595,0.7241379310344828,0.9624060150375939,0.20595533498759305,0.8823529411764706,0.3288590604026846,0.4222222222222222,0.031852848811126065,0.015544041450777202,0.6551724137931034,0.2727272727272727
GTEX-11GSP-0011-R10a-SM-5NQ7J,GTEX-11GSP,0.17333333333333334,0.4409937888198758,0.13200723327305605,0.9425051334702259,0.75,0.17333333333333334,0.9629629629629629,0.8202247191011236,0.525,0.33111480865224624,0.92,0.10344827586206896,0.7391304347826086,0.0967741935483871,0.06,0.9764705882352941,0.2857142857142857,0.5454545454545454
GTEX-11GSP-0011-R11b-SM-5NQ7V,GTEX-11GSP,0.9653465346534653,0.13587786259541984,0.6936170212765957,0.9842209072978304,0.673469387755102,0.06493506493506493,1.0,0.988599348534202,0.05708245243128964,0.5176848874598071,0.9748427672955975,0.1111111111111111,0.9285714285714286,0.058823529411764705,0.08641975308641975,0.9960212201591512,0.1,0.6428571428571429
GTEX-11GSP-0011-R5a-SM-57WBE,GTEX-11GSP,0.2839506172839506,0.29850746268656714,0.13989637305699482,0.9653794940079894,0.6444444444444445,0.16666666666666666,0.9770114942528736,0.92,0.37142857142857144,0.2558983666061706,0.9354838709677419,0.02702702702702703,0.8666666666666667,0.21052631578947367,0.12195121951219512,0.9729064039408867,0.23076923076923078,0.6923076923076923
GTEX-11GSP-0011-R6b-SM-57WBQ,GTEX-11GSP,0.21100917431192662,0.40863787375415284,0.15647921760391198,0.9419822723609992,0.6857142857142857,0.11764705882352941,0.9375,0.5652173913043478,0.5192307692307693,0.3220338983050847,0.7903225806451613,0.10344827586206896,0.5714285714285714,0.21212121212121213,0.10077519379844961,0.969732246798603,0.4883720930232558,0.6086956521739131
GTEX-11GSP-0011-R7b-SM-57WC3,GTEX-11GSP,0.27835051546391754,0.4063926940639269,0.19367588932806323,0.9576515880654476,0.7727272727272727,0.1388888888888889,0.9701492537313433,0.9634146341463414,0.40468227424749165,0.21626617375231053,0.9344262295081968,0.35135135135135137,0.8333333333333334,0.1111111111111111,0.1348314606741573,0.9703903095558546,0.40425531914893614,0.7551020408163265
GTEX-11GSP-0011-R8b-SM-5NQ79,GTEX-11GSP,0.07142857142857142,0.26,0.16591928251121077,0.94579945799458,0.3877551020408163,0.23232323232323232,0.9545454545454546,0.5,0.511400651465798,0.3413654618473896,0.7752808988764045,0.12195121951219512,0.3968253968253968,0.3333333333333333,0.14492753623188406,0.9623588456712673,0.6,0.34146341463414637
GTEX-11GSP-0011-R9b-SM-5NQ77,GTEX-11GSP,0.28,0.46153846153846156,0.11949685534591195,0.9242424242424242,0.875,0.22033898305084745,0.9130434782608695,0.6571428571428571,0.34146341463414637,0.4117647058823529,0.8933333333333333,0.06666666666666667,0.5217391304347826,0.125,0.03125,0.9754816112084063,0.7959183673469388,0.76
GTEX-11GSP-0126-SM-5A5KU,GTEX-11GSP,0.7128205128205128,0.6615384615384615,0.1300639658848614,0.3800841514726508,0.4772727272727273,0.9090909090909091,0.5905511811023622,0.4766355140186916,0.44418052256532065,0.8434343434343434,0.22727272727272727,0.6956521739130435,0.5466666666666666,0.6060606060606061,0.5173824130879345,0.475968992248062,0.3402061855670103,0.6435643564356436
GTEX-11GSP-0226-SM-5A5KV,GTEX-11GSP,0.21428571428571427,0.6442307692307693,0.028037383177570093,0.19142857142857142,0.2786885245901639,1.0,0.8165137614678899,0.3577981651376147,0.7478991596638656,0.926829268292683,0.1793103448275862,0.6666666666666666,0.8333333333333334,0.23333333333333334,0.01335559265442404,0.43829787234042555,0.4383735705209657,0.07407407407407407
GTEX-11GSP-0326-SM-5A5KW,GTEX-11GSP,0.1,0.1,0.05263157894736842,0.96759941089838,0.125,1.0,0.7,0.030303030303030304,0.3961605584642234,0.4107142857142857,0.3153153153153153,0.2,0.3103448275862069,0.21212121212121213,0.1791044776119403,0.125,0.125,0.10204081632653061
GTEX-11GSP-0426-SM-5A5KX,GTEX-11GSP,0.9340659340659341,0.0,0.8507462686567164,0.9903147699757869,0.0,1.0,0.14285714285714285,0.38461538461538464,0.05555555555555555,0.32098765432098764,0.12195121951219512,0.15789473684210525,0.058823529411764705,0.1111111111111111,0.38461538461538464,0.32075471698113206,0.1111111111111111,0.00425531914893617
GTEX-11GSP-0626-SM-5986T,GTEX-11GSP,1.0,0.5555555555555556,0.08,0.9552238805970149,0.38461538461538464,1.0,0.5555555555555556,0.01818181818181818,0.2350230414746544,0.8634538152610441,0.2727272727272727,0.3333333333333333,0.5,0.07692307692307693,0.168141592920354,0.2857142857142857,1.0,0.06285714285714286
GTEX-11GSP-0726-SM-5986L,GTEX-11GSP,0.1864406779661017,0.3090909090909091,0.2826086956521739,0.5152487961476726,0.26881720430107525,0.8347107438016529,0.811965811965812,0.3939393939393939,0.4881516587677725,0.7079953650057937,0.2261904761904762,0.5254237288135594,0.40425531914893614,0.4146341463414634,0.19943422913719944,0.19821162444113263,0.43243243243243246,0.5151515151515151
GTEX-11GSP-1126-SM-5A5LM,GTEX-11GSP,0.851380042462845,0.8666666666666667,0.023255813953488372,0.18691588785046728,0.49206349206349204,0.9079497907949791,0.8260869565217391,0.9540229885057471,0.9080459770114943,0.9639389736477115,0.0891089108910891,0.8787878787878788,0.8064516129032258,0.7746478873239436,0.6657789613848203,0.1669793621013133,0.4827586206896552,0.5393939393939394
GTEX-11GSP-1226-SM-5985M,GTEX-11GSP,0.09933774834437085,0.7,0.012048192771084338,0.027642276422764227,0.7681159420289855,0.9794871794871794,0.8666666666666667,0.25,0.8111587982832618,0.9297052154195011,0.5688622754491018,1.0,0.7419354838709677,0.4782608695652174,0.5461254612546126,0.5619047619047619,0.7707006369426752,0.7333333333333333
GTEX-11GSP-1326-SM-5A5KY,GTEX-11GSP,0.4666666666666667,0.6410256410256411,0.06666666666666667,0.02997601918465228,0.75,0.8947368421052632,0.8181818181818182,0.22580645161290322,0.7073170731707317,0.959079283887468,0.34545454545454546,0.8333333333333334,0.6,0.7142857142857143,0.5050505050505051,0.47560975609756095,0.9411764705882353,0.48148148148148145
GTEX-11GSP-1626-SM-5986N,GTEX-11GSP,0.8324022346368715,0.8181818181818182,0.03184713375796178,0.3267681289167413,0.7142857142857143,0.9113924050632911,0.8958333333333334,0.9304347826086956,0.8127659574468085,0.9186189889025894,0.17086834733893558,0.8837209302325582,0.8064516129032258,0.803921568627451,0.9140429785107447,0.247244094488189,0.4025974025974026,0.7439024390243902
GTEX-11GSP-1726-SM-5A5LI,GTEX-11GSP,0.45901639344262296,0.85,0.003236245954692557,0.3413830954994512,0.47058823529411764,0.6989247311827957,0.8,0.6326530612244898,0.8471337579617835,0.9347826086956522,0.24444444444444444,0.7,0.92,0.6176470588235294,0.6158536585365854,0.5016501650165016,0.6039603960396039,0.6923076923076923
GTEX-11GSP-1826-SM-5N9DQ,GTEX-11GSP,0.794392523364486,0.14942528735632185,0.2289156626506024,0.9289340101522843,0.12,0.5882352941176471,0.12299465240641712,0.3793103448275862,0.09956709956709957,0.47368421052631576,0.11702127659574468,0.22666666666666666,0.1746031746031746,0.2,0.5211267605633803,0.2647058823529412,0.19607843137254902,0.8181818181818182
GTEX-11GSP-2126-SM-5HL5E,GTEX-11GSP,0.7846153846153846,0.3333333333333333,0.5333333333333333,0.9380804953560371,0.08333333333333333,0.625,0.10256410256410256,0.3939393939393939,0.0851063829787234,0.1910828025477707,0.09523809523809523,0.09090909090909091,0.0,0.15151515151515152,0.5641025641025641,0.17543859649122806,0.0196078431372549,0.02040816326530612
GTEX-11GSP-2226-SM-5HL5Q,GTEX-11GSP,0.717391304347826,0.7916666666666666,0.029900332225913623,0.319755600814664,0.3333333333333333,0.8918918918918919,0.5267175572519084,0.6666666666666666,0.7864768683274022,0.9701492537313433,0.20422535211267606,0.8360655737704918,0.8333333333333334,0.726027397260274,0.43978590544157004,0.4142857142857143,0.5409836065573771,0.4608695652173913
GTEX-11GSP-2326-SM-5HL63,GTEX-11GSP,0.95,0.1891891891891892,0.39737991266375544,0.8389261744966443,0.058823529411764705,1.0,0.23170731707317074,0.5757575757575758,0.1858974358974359,0.291044776119403,0.08527131782945736,0.38181818181818183,0.2982456140350877,0.17647058823529413,0.2,0.33432835820895523,0.18518518518518517,0.3
GTEX-11GSP-2426-SM-5N9BD,GTEX-11GSP,0.6827586206896552,0.7358490566037735,0.044585987261146494,0.31543624161073824,0.4098360655737705,1.0,0.5752212389380531,0.689922480620155,0.816793893129771,0.9584631360332295,0.18461538461538463,0.9310344827586207,0.6842105263157895,0.5714285714285714,0.3584905660377358,0.3930530164533821,0.3933649289099526,0.2571428571428571
GTEX-11GSP-2526-SM-5N9BP,GTEX-11GSP,0.864516129032258,0.21025641025641026,0.12757201646090535,0.6537634408602151,0.06,0.8601398601398601,0.4235294117647059,0.7333333333333333,0.4334763948497854,0.6055469953775039,0.08571428571428572,0.7,0.2987012987012987,0.2727272727272727,0.6790606653620352,0.14588859416445624,0.32075471698113206,0.5849056603773585
GTEX-11GSP-2726-SM-5A5LJ,GTEX-11GSP,0.9226519337016574,0.8918918918918919,0.024390243902439025,0.011111111111111112,0.9663865546218487,0.9915254237288136,0.8518518518518519,0.7391304347826086,0.893719806763285,0.9567567567567568,0.7593123209169055,0.9540229885057471,1.0,0.9322033898305084,0.45588235294117646,0.6666666666666666,0.9459459459459459,0.9410029498525073
GTEX-11GSP-2826-SM-5A5LK,GTEX-11GSP,0.5728155339805825,0.7045454545454546,0.00684931506849315,0.2918825561312608,0.6507936507936508,0.7162162162162162,0.8673469387755102,0.43283582089552236,0.8650793650793651,0.8052126200274349,0.33,0.8484848484848485,0.7752808988764045,0.4230769230769231,0.19414893617021275,0.7013142174432497,0.6956521739130435,0.8838709677419355
GTEX-11GSP-2926-SM-5N9C2,GTEX-11GSP,0.8298368298368298,0.8043478260869565,0.0297029702970297,0.29195402298850576,0.6237623762376238,0.9041095890410958,0.8431372549019608,0.8387096774193549,0.8260869565217391,0.9816951850378034,0.11864406779661017,0.9642857142857143,0.7368421052631579,0.8354430379746836,0.8014128728414442,0.13381294964028778,0.5072463768115942,0.6293103448275862
GTEX-11GSP-3026-SM-5N9CE,GTEX-11GSP,0.32142857142857145,0.15789473684210525,0.3162393162393162,0.8784530386740331,0.2777777777777778,0.6666666666666666,0.7857142857142857,0.2631578947368421,0.3667334669338677,0.2696456086286595,0.37349397590361444,0.4,0.631578947368421,0.02857142857142857,0.28888888888888886,0.8095238095238095,0.40425531914893614,0.1794871794871795
GTEX-11GSP-3126-SM-5A5LL,GTEX-11GSP,0.9180633147113594,0.149519890260631,0.5680473372781065,0.9543230016313213,0.7741935483870968,0.11363636363636363,1.0,0.9895833333333334,0.0958904109589041,0.44254278728606355,0.9869281045751634,0.16981132075471697,1.0,0.0847457627118644,0.18681318681318682,0.9946409431939979,0.09523809523809523,0.7407407407407407
GTEX-11GSP-3226-SM-5986O,GTEX-11GSP,0.30612244897959184,0.37037037037037035,0.12012012012012012,0.9234828496042217,0.7454545454545455,0.17829457364341086,0.8518518518518519,0.7362637362637363,0.46285714285714286,0.32558139534883723,0.8933333333333333,0.07142857142857142,0.5294117647058824,0.0,0.19444444444444445,0.954954954954955,0.5,0.7313432835820896
GTEX-11TT1-0004-SM-5S2NT,GTEX-11TT1,1.0,0.0,0.9772727272727273,0.975626269465132,0.037037037037037035,,0.7333333333333333,0.01639344262295082,0.0,0.014778325123152709,0.4117647058823529,0.13333333333333333,0.11392405063291139,0.1111111111111111,0.3333333333333333,0.40711462450592883,0.1111111111111111,0.3333333333333333
GTEX-11TT1-0005-SM-5NQ8Y,GTEX-11TT1,0.2,0.0,0.8805031446540881,0.9862700228832952,0.04,1.0,1.0,0.027210884353741496,0.006968641114982578,0.05128205128205128,0.4945054945054945,0.1,0.060240963855421686,0.08681672025723473,,0.5172413793103449,,1.0
GTEX-11TT1-0008-SM-5S2P8,GTEX-11TT1,0.3333333333333333,0.3584905660377358,0.029940119760479042,0.8140703517587939,0.34615384615384615,,0.6111111111111112,0.5,0.803921568627451,0.808695652173913,0.18146718146718147,0.7142857142857143,0.19148936170212766,0.46218487394957986,0.061124694376528114,0.027777777777777776,0.6666666666666666,0.0
GTEX-11TT1-0126-SM-5LUAA,GTEX-11TT1,0.2698412698412698,0.1276595744680851,0.14634146341463414,0.9754322111010009,0.4666666666666667,0.6666666666666666,0.914396887159533,0.061224489795918366,0.49008498583569404,0.5255474452554745,0.26136363636363635,0.2459016393442623,0.25925925925925924,0.31343283582089554,0.048582995951417005,0.049773755656108594,0.4782608695652174,0.2289156626506024
GTEX-11TT1-0326-SM-5LUAY,GTEX-11TT1,0.9570815450643777,0.06329113924050633,0.75,0.9787685774946921,0.125,0.0,0.13043478260869565,0.045454545454545456,0.07389162561576355,0.4358974358974359,0.10077519379844961,0.35714285714285715,0.0,0.058823529411764705,0.16363636363636364,0.19642857142857142,0.08333333333333333,0.0
GTEX-11TT1-0426-SM-5EGI9,GTEX-11TT1,0.4473684210526316,0.7473684210526316,0.0136986301369863,0.6267029972752044,0.6764705882352942,0.8851351351351351,0.9479166666666666,0.8269230769230769,0.8212290502793296,0.9416058394160584,0.18823529411764706,0.8591549295774648,0.7857142857142857,0.9124087591240876,0.9831440087944302,0.14228456913827656,0.2463768115942029,0.8192771084337349
GTEX-11TT1-0526-SM-5P9JO,GTEX-11TT1,0.8837209302325582,0.08333333333333333,0.38333333333333336,0.8805646036916395,0.21428571428571427,0.9233449477351916,0.08376963350785341,0.2,0.23768736616702354,0.5432258064516129,0.06963788300835655,0.21428571428571427,0.02564102564102564,0.27906976744186046,0.8181818181818182,0.1078838174273859,0.23214285714285715,0.5789473684210527
GTEX-11TT1-0626-SM-5GU4X,GTEX-11TT1,0.676923076923077,0.7865168539325843,0.008264462809917356,0.6527777777777778,0.7209302325581395,0.8663053297199639,0.9004524886877828,0.7821782178217822,0.8940397350993378,0.8883248730964467,0.1368421052631579,0.8333333333333334,0.7333333333333333,0.9393939393939394,0.9609639514041027,0.12794612794612795,0.3,0.6458333333333334
GTEX-11TT1-0726-SM-5GU5A,GTEX-11TT1,0.9267015706806283,0.12195121951219512,0.6716417910447762,0.9476117103235747,0.05263157894736842,0.21212121212121213,0.156794425087108,0.10679611650485436,0.12280701754385964,0.35609756097560974,0.1368421052631579,0.2857142857142857,0.42857142857142855,0.24444444444444444,0.45454545454545453,0.23636363636363636,0.043478260869565216,0.15789473684210525
GTEX-11TT1-0926-SM-5GU5M,GTEX-11TT1,0.5294117647058824,0.6785714285714286,0.10112359550561797,0.6442417331812998,0.5238095238095238,0.8630527817403709,0.9323671497584541,0.717391304347826,0.7974683544303798,0.9022556390977443,0.1972318339100346,0.8765432098765432,0.4074074074074074,0.884393063583815,0.933277027027027,0.20853080568720378,0.28125,0.7435897435897436
GTEX-11TT1-1026-SM-5PNW7,GTEX-11TT1,0.8326359832635983,0.09259259259259259,0.7384615384615385,0.9311314125087843,0.16,0.7692307692307693,0.116,0.25,0.22807017543859648,0.37961595273264404,0.18840579710144928,0.4418604651162791,0.15789473684210525,0.2558139534883721,0.3225806451612903,0.0989010989010989,0.13043478260869565,0.625
GTEX-11TT1-1126-SM-5P9GV,GTEX-11TT1,0.720754716981132,0.2283464566929134,0.625615763546798,0.8542056074766355,0.2653061224489796,0.8918918918918919,0.3151515151515151,0.11304347826086956,0.2984749455337691,0.6871207012811867,0.19402985074626866,0.3684210526315789,0.34831460674157305,0.4782608695652174,0.13154533844189017,0.1881918819188192,0.059602649006622516,0.17391304347826086
GTEX-11TT1-1226-SM-5Q5AV,GTEX-11TT1,0.7092198581560284,0.7443609022556391,0.0072992700729927005,0.5404814004376368,0.6521739130434783,0.8949579831932774,0.7864077669902912,0.8387096774193549,0.8369905956112853,0.9730290456431535,0.11224489795918367,0.8918918918918919,0.7446808510638298,0.9190751445086706,0.7150259067357513,0.1232876712328767,0.5546218487394958,0.5789473684210527
GTEX-11TT1-1326-SM-5PNYM,GTEX-11TT1,0.1566265060240964,0.6285714285714286,0.038461538461538464,0.0324236062514579,0.9206349206349206,0.9436619718309859,0.8203592814371258,0.20588235294117646,0.956989247311828,0.9787234042553191,0.8098159509202454,0.8208955223880597,0.7142857142857143,0.9047619047619048,0.5565819861431871,0.32231404958677684,0.888030888030888,0.7619047619047619
GTEX-11TT1-1426-SM-5EGIA,GTEX-11TT1,0.1038961038961039,0.76,0.0070921985815602835,0.06465517241379311,0.8857142857142857,0.9669421487603306,0.7972972972972973,0.35714285714285715,0.9485294117647058,0.9416983523447402,0.8158995815899581,0.7551020408163265,0.42857142857142855,0.8512396694214877,0.6203007518796992,0.2929936305732484,0.8,0.9230769230769231
GTEX-11TT1-1526-SM-5EQKU,GTEX-11TT1,0.7544554455445545,0.7681159420289855,0.01694915254237288,0.5748663101604278,0.5774647887323944,0.9008370895041854,0.8976377952755905,0.8461538461538461,0.8741258741258742,0.9775577557755776,0.1388888888888889,0.8769230769230769,0.7333333333333333,0.9150943396226415,0.8481055480378891,0.06311360448807854,0.5076923076923077,0.7263157894736842
GTEX-11TT1-1626-SM-5EQL7,GTEX-11TT1,0.3484848484848485,0.37209302325581395,0.5042735042735043,0.8015665796344648,0.1926605504587156,0.6296296296296297,0.4063926940639269,0.19540229885057472,0.35648148148148145,0.6327345309381237,0.2549019607843137,0.23076923076923078,0.09433962264150944,0.3018867924528302,0.15089514066496162,0.27578947368421053,0.23076923076923078,0.23076923076923078
GTEX-11TT1-1726-SM-5EQLJ,GTEX-11TT1,0.8850574712643678,1.0,0.3333333333333333,0.9608355091383812,0.15384615384615385,0.7,0.2714285714285714,0.02127659574468085,0.2,0.9137380191693291,0.164021164021164,0.12903225806451613,0.02564102564102564,0.09803921568627451,0.2391304347826087,0.04119850187265917,0.5471698113207547,0.1111111111111111
GTEX-11TT1-1826-SM-5EQLV,GTEX-11TT1,0.8562874251497006,0.16666666666666666,0.424390243902439,0.8639593908629442,0.15384615384615385,0.7575757575757576,0.4945054945054945,0.35,0.25136612021857924,0.4322916666666667,0.13253012048192772,0.40540540540540543,0.16923076923076924,0.25806451612903225,0.2687224669603524,0.2734375,0.10909090909090909,0.11538461538461539
GTEX-11TT1-1926-SM-5PNYN,GTEX-11TT1,0.35294117647058826,0.5087719298245614,0.08196721311475409,0.7511244377811095,0.7222222222222222,0.7302052785923754,0.8265895953757225,0.14545454545454545,0.738255033557047,0.9346007604562737,0.1782178217821782,0.46153846153846156,0.35294117647058826,0.5636363636363636,0.3818984547461369,0.13043478260869565,0.6317280453257791,0.5185185185185185
GTEX-11TT1-2026-SM-5EQM8,GTEX-11TT1,0.8875,0.20430107526881722,0.4057971014492754,0.825974025974026,0.4,0.8538812785388128,0.44554455445544555,0.5714285714285714,0.3904109589041096,0.8052884615384616,0.14027149321266968,0.5342465753424658,0.36585365853658536,0.6074766355140186,0.8136047134440278,0.15877437325905291,0.35135135135135137,0.40425531914893614
GTEX-11TT1-2126-SM-5GU5Y,GTEX-11TT1,0.711864406779661,0.36470588235294116,0.2318840579710145,0.6033229491173416,0.5714285714285714,0.711340206185567,0.38461538461538464,0.48148148148148145,0.6119402985074627,0.82174688057041,0.1329479768786127,0.5873015873015873,0.48717948717948717,0.4057971014492754,0.20600858369098712,0.38047138047138046,0.35135135135135137,0.30434782608695654
GTEX-11TT1-2226-SM-5GU6B,GTEX-11TT1,0.125,0.1267605633802817,0.5614035087719298,0.9096774193548387,0.030303030303030304,0.6818181818181818,0.9769230769230769,0.3333333333333333,0.13353115727002968,0.13595166163141995,0.7188498402555911,0.16883116883116883,0.06391752577319587,0.046511627906976744,0.15634218289085547,0.18555008210180624,0.5147058823529411,0.3333333333333333
GTEX-11TT1-2326-SM-5GU6N,GTEX-11TT1,0.984375,1.0,0.0,0.01848998459167951,0.9178082191780822,1.0,0.96,0.6363636363636364,0.9170506912442397,0.9433962264150944,0.7594501718213058,1.0,0.7142857142857143,0.9666666666666667,0.2727272727272727,0.3684210526315789,0.7052631578947368,0.9078947368421053
GTEX-11TT1-2426-SM-5EQMK,GTEX-11TT1,0.4,0.47368421052631576,0.05263157894736842,0.44345238095238093,0.6595744680851063,0.8961748633879781,0.7435897435897436,0.10112359550561797,0.7205882352941176,0.8368355995055624,0.2833333333333333,0.5909090909090909,0.4576271186440678,0.6,0.21933085501858737,0.3979591836734694,0.5227272727272727,0.4666666666666667
GTEX-11TT1-2526-SM-5EGIB,GTEX-11TT1,0.9162303664921466,0.09411764705882353,0.6571428571428571,0.8468085106382979,0.04950495049504951,0.8461538461538461,0.2571428571428571,0.2,0.1592920353982301,0.3552941176470588,0.06493506493506493,0.3968253968253968,0.14,0.21839080459770116,0.3333333333333333,0.3400673400673401,0.175,0.05555555555555555
GTEX-11TT1-2626-SM-5EGL2,GTEX-11TT1,0.373134328358209,0.8265895953757225,0.012853470437017995,0.4427947598253275,0.7297297297297297,0.608433734939759,0.8405797101449275,0.358974358974359,0.8172043010752689,0.4538327526132404,0.3969465648854962,0.5384615384615384,0.6666666666666666,0.5151515151515151,0.12552891396332863,0.7218543046357616,0.9568965517241379,0.8271604938271605
GTEX-11TT1-2726-SM-5LU8L,GTEX-11TT1,0.7777777777777778,0.76,0.04225352112676056,0.564,0.5474452554744526,0.87638950644731,0.7538461538461538,0.9478260869565217,0.9071428571428571,0.9708029197080292,0.0695970695970696,0.9534883720930233,0.9166666666666666,0.927461139896373,0.8397887323943662,0.03349282296650718,0.5018050541516246,0.8765432098765432
GTEX-12696-0005-SM-5LZYS,GTEX-12696,0.0,0.0,0.9427480916030534,0.9354838709677419,0.01818181818181818,,0.7619047619047619,0.005128205128205128,0.009230769230769232,0.01910828025477707,0.638095238095238,0.3,0.08641975308641975,0.2079207920792079,0.3333333333333333,0.23404255319148937,,
GTEX-12696-0126-SM-5EQ4L,GTEX-12696,0.9282051282051282,0.18253968253968253,0.5193370165745856,0.8728881737731295,0.15384615384615385,0.9166666666666666,0.29577464788732394,0.16981132075471697,0.21621621621621623,0.27010309278350514,0.10869565217391304,0.4205607476635514,0.11688311688311688,0.29411764705882354,0.44385026737967914,0.2988505747126437,0.0958904109589041,0.2545454545454545
GTEX-12696-0226-SM-5EGL3,GTEX-12696,0.0,0.21428571428571427,0.7030567685589519,0.8923327895595432,0.034722222222222224,0.391304347826087,0.9787234042553191,0.3,0.0546875,0.11444652908067542,0.6928838951310862,0.16666666666666666,0.07522935779816514,0.11627906976744186,0.2647058823529412,0.24734982332155478,0.36363636363636365,0.1891891891891892
GTEX-12696-0326-SM-5EGL4,GTEX-12696,0.7573221757322176,0.296,0.6298701298701299,0.8899486426999267,0.1076923076923077,0.7714285714285715,0.3803921568627451,0.38461538461538464,0.21867321867321868,0.43684820393974505,0.08536585365853659,0.45454545454545453,0.4214876033057851,0.42424242424242425,0.4088050314465409,0.17676767676767677,0.031578947368421054,0.32
GTEX-12696-0426-SM-5EGL5,GTEX-12696,0.756385068762279,0.8738738738738738,0.03349282296650718,0.2489905787348587,0.6619718309859155,0.9548532731376975,0.8888888888888888,0.8793103448275862,0.8502673796791443,0.9533011272141707,0.12121212121212122,0.8823529411764706,0.7073170731707317,0.9849624060150376,0.7553956834532374,0.1447084233261339,0.38235294117647056,0.5590551181102362
GTEX-12696-0526-SM-5EQ3Z,GTEX-12696,0.862475442043222,0.8068181818181818,0.020833333333333332,0.29896907216494845,0.696969696969697,0.9243697478991597,0.821656050955414,0.9324324324324325,0.8914027149321267,0.9491916859122402,0.11224489795918367,0.9117647058823529,0.7313432835820896,0.8743455497382199,0.679372197309417,0.11538461538461539,0.4603174603174603,0.6129032258064516
GTEX-12696-0626-SM-5EGGD,GTEX-12696,0.5306122448979592,0.2777777777777778,0.19402985074626866,0.9182746878547106,0.23076923076923078,0.5555555555555556,0.9310344827586207,0.25,0.25308641975308643,0.5494505494505495,0.26495726495726496,0.3,0.2564102564102564,0.13846153846153847,0.1693548387096774,0.15048543689320387,0.09302325581395349,0.6428571428571429
GTEX-12696-0826-SM-5EGGE,GTEX-12696,0.990990990990991,0.6,0.0,0.9850847457627119,0.1111111111111111,0.7142857142857143,0.4117647058823529,0.043478260869565216,0.10236220472440945,0.7732793522267206,0.24731182795698925,0.06666666666666667,0.25,0.2222222222222222,0.37254901960784315,0.0,,0.12903225806451613
GTEX-12696-0926-SM-5FQTV,GTEX-12696,0.5915915915915916,0.15294117647058825,0.37777777777777777,0.9119496855345912,0.25,0.6666666666666666,0.4098360655737705,0.40425531914893614,0.3371757925072046,0.5032537960954447,0.14009661835748793,0.41379310344827586,0.5172413793103449,0.6071428571428571,0.49074074074074076,0.19904076738609114,0.3225806451612903,0.21951219512195122
GTEX-12696-1026-SM-5FQUV,GTEX-12696,0.4714285714285714,0.6444444444444445,0.174496644295302,0.5427574171029669,0.36231884057971014,0.9295774647887324,0.7733333333333333,0.40350877192982454,0.45263157894736844,0.7335423197492164,0.21333333333333335,0.7142857142857143,0.28888888888888886,0.603448275862069,0.4495592556317336,0.292894280762565,0.36231884057971014,0.45454545454545453
GTEX-12696-1126-SM-5FQTI,GTEX-12696,0.2926829268292683,0.8378378378378378,0.020689655172413793,0.0090527710311327,0.8896551724137931,0.967741935483871,0.9347826086956522,0.8333333333333334,0.878419452887538,0.9711637487126673,0.7886178861788617,1.0,0.42857142857142855,0.9636363636363636,0.675392670157068,0.4601542416452442,0.9007633587786259,0.8146341463414634
GTEX-12696-1226-SM-5FQSM,GTEX-12696,0.13089005235602094,0.7471264367816092,0.02074688796680498,0.048080506895266495,0.8217821782178217,0.9688715953307393,0.8867924528301887,0.4074074074074074,0.8382352941176471,0.8656716417910447,0.5602836879432624,0.8805970149253731,0.3023255813953488,0.8613861386138614,0.5922330097087378,0.2064516129032258,0.7055214723926381,0.7254901960784313
GTEX-12696-1326-SM-5FQTJ,GTEX-12696,0.8865248226950354,0.1568627450980392,0.4639175257731959,0.9367771781033153,0.24444444444444444,0.9338842975206612,0.1791530944625407,0.3191489361702128,0.1553133514986376,0.3493975903614458,0.06666666666666667,0.5813953488372093,0.043478260869565216,0.24675324675324675,0.7827586206896552,0.1836734693877551,0.08,0.45454545454545453
GTEX-12696-1426-SM-5EGJ6,GTEX-12696,0.5248618784530387,0.813953488372093,0.018018018018018018,0.34177215189873417,0.7142857142857143,0.8823529411764706,0.9863945578231292,0.847457627118644,0.7506631299734748,0.8376891334250344,0.10047846889952153,0.8494623655913979,0.8181818181818182,0.9234449760765551,0.9322033898305084,0.4146341463414634,0.15151515151515152,0.7615894039735099
GTEX-12696-1526-SM-5EGL6,GTEX-12696,0.7755775577557755,0.7692307692307693,0.022727272727272728,0.38596491228070173,0.4838709677419355,0.8736842105263158,0.8873239436619719,0.9101123595505618,0.8295454545454546,0.8555691554467564,0.10270270270270271,0.8309859154929577,0.9069767441860465,0.9401197604790419,0.8155515370705244,0.2857142857142857,0.16923076923076924,0.7142857142857143
GTEX-12696-1726-SM-5EQLH,GTEX-12696,0.8695652173913043,0.10344827586206896,0.7058823529411765,0.937984496124031,0.037037037037037035,0.39285714285714285,0.2911392405063291,0.23529411764705882,0.0684931506849315,0.3150684931506849,0.20512820512820512,0.2857142857142857,0.0,0.2727272727272727,0.6615384615384615,0.10204081632653061,0.08108108108108109,0.08108108108108109
GTEX-12696-1826-SM-5EGJS,GTEX-12696,0.288135593220339,0.6231884057971014,0.053763440860215055,0.6003600360036003,0.2835820895522388,0.6388888888888888,0.8255813953488372,0.37662337662337664,0.5852534562211982,0.8,0.225,0.65625,0.5172413793103449,0.7101449275362319,0.3210332103321033,0.23615160349854228,0.4108527131782946,0.5
GTEX-12696-1926-SM-5EGJT,GTEX-12696,0.6335877862595419,0.6666666666666666,0.026239067055393587,0.2953285827395091,0.5384615384615384,0.9133858267716536,0.8701298701298701,0.8285714285714286,0.7808988764044944,0.8352941176470589,0.15841584158415842,0.8275862068965517,0.696969696969697,0.88,0.8920327624720774,0.48148148148148145,0.3939393939393939,0.9
GTEX-12696-2226-SM-5EQ65,GTEX-12696,0.5924170616113744,0.7551020408163265,0.02631578947368421,0.4592901878914405,0.574468085106383,0.9040667361835245,0.8947368421052632,0.9173553719008265,0.8244514106583072,0.8818791946308725,0.11178247734138973,0.9555555555555556,0.8260869565217391,1.0,0.9370513528437328,0.1276595744680851,0.2361111111111111,0.796875
GTEX-12696-2426-SM-5EQ6H,GTEX-12696,0.8702290076335878,0.14953271028037382,0.4612546125461255,0.8548057259713702,0.05714285714285714,0.8571428571428571,0.3684210526315789,0.4090909090909091,0.24503311258278146,0.2691358024691358,0.04242424242424243,0.5135135135135135,0.16417910447761194,0.3220338983050847,0.26153846153846155,0.19597989949748743,0.2222222222222222,0.47540983606557374
GTEX-12696-2526-SM-5EQLN,GTEX-12696,0.48695652173913045,0.8378378378378378,0.06741573033707865,0.5226077812828601,0.43434343434343436,0.8906942392909897,0.851063829787234,0.4107142857142857,0.6490066225165563,0.8163001293661061,0.2138728323699422,0.9411764705882353,0.6226415094339622,0.7449664429530202,0.7968085106382978,0.3140495867768595,0.29914529914529914,0.8297872340425532
GTEX-12696-2626-SM-5EQ44,GTEX-12696,0.29411764705882354,0.9205298013245033,0.036860879904875146,0.3652173913043478,0.654320987654321,0.6376306620209059,0.9547511312217195,0.4084507042253521,0.7863247863247863,0.47080745341614905,0.21311475409836064,0.8795180722891566,0.5555555555555556,0.7948717948717948,0.25547445255474455,0.8201438848920863,0.855072463768116,0.9331476323119777
GTEX-12696-2726-SM-5FQUL,GTEX-12696,0.8032200357781754,0.8064516129032258,0.0,0.2383177570093458,0.6396396396396397,0.9541547277936963,0.9111111111111111,0.9263157894736842,0.8755186721991701,0.9230769230769231,0.11450381679389313,0.8125,0.76,0.8941176470588236,0.8344640434192673,0.10305343511450382,0.43636363636363634,0.632183908045977
GTEX-12696-2826-SM-5FQTY,GTEX-12696,0.9512195121951219,0.8688524590163934,0.07407407407407407,0.023131672597864767,0.8424242424242424,0.9782312925170068,0.8846153846153846,0.9583333333333334,0.8277153558052435,0.8324607329842932,0.6101694915254238,0.978494623655914,0.8,1.0,0.5875486381322957,0.4418604651162791,0.8811881188118812,0.9386792452830188
GTEX-12696-3126-SM-5FQUX,GTEX-12696,0.7627118644067796,0.058823529411764705,0.768595041322314,0.9608355091383812,0.2,0.5,0.7570093457943925,0.2857142857142857,0.12550607287449392,0.15430861723446893,0.32,0.5555555555555556,0.7333333333333333,0.26153846153846155,0.2663316582914573,0.7843137254901961,0.06930693069306931,0.37142857142857144
GTEX-12WSD-0005-SM-5N9FZ,GTEX-12WSD,0.23809523809523808,0.016129032258064516,0.9560439560439561,0.964824120603015,0.009345794392523364,,0.7142857142857143,0.008130081300813009,0.01511879049676026,0.03389830508474576,0.45539906103286387,0.2857142857142857,0.10714285714285714,0.05128205128205128,0.2,0.4292682926829268,0.0,
GTEX-12WSD-0011-R1b-SM-5LZVY,GTEX-12WSD,0.5862068965517241,0.34065934065934067,0.09505703422053231,0.9361135758651287,0.9333333333333333,0.2,0.9090909090909091,0.78125,0.3509933774834437,0.3305439330543933,0.937007874015748,0.18181818181818182,1.0,0.42857142857142855,0.10526315789473684,0.9754299754299754,0.42857142857142855,0.6
GTEX-12WSD-0011-R2a-SM-5LZWB,GTEX-12WSD,0.0,0.3333333333333333,0.15942028985507245,0.9193548387096774,0.8571428571428571,0.1724137931034483,0.8333333333333334,0.25,0.58,0.456,0.7575757575757576,0.034482758620689655,0.42857142857142855,0.2727272727272727,0.10714285714285714,0.9193548387096774,0.875,0.23076923076923078
GTEX-12WSD-0011-R3b-SM-5LZWN,GTEX-12WSD,0.26666666666666666,0.5483870967741935,0.16293929712460065,0.9237611181702668,0.6666666666666666,0.19298245614035087,1.0,0.7777777777777778,0.5,0.29476584022038566,0.9019607843137255,0.23809523809523808,0.42857142857142855,0.05263157894736842,0.041666666666666664,0.972972972972973,0.625,0.6363636363636364
GTEX-12WSD-0011-R4b-SM-5LZUA,GTEX-12WSD,0.3333333333333333,0.34831460674157305,0.10037174721189591,0.9385425812115891,0.5,0.21951219512195122,1.0,0.873015873015873,0.496,0.23371647509578544,0.9402985074626866,0.3793103448275862,0.45454545454545453,0.17647058823529413,0.05,0.981549815498155,0.6491228070175439,0.5555555555555556
GTEX-12WSD-0011-R5b-SM-5CVNG,GTEX-12WSD,0.2564102564102564,0.4528301886792453,0.1952941176470588,0.9590075512405609,0.6410256410256411,0.10144927536231885,0.9655172413793104,0.9245283018867925,0.33962264150943394,0.2902033271719039,0.8166666666666667,0.125,1.0,0.25,0.12396694214876033,0.9609375,0.6170212765957447,0.5384615384615384
GTEX-12WSD-0011-R6b-SM-5P9JU,GTEX-12WSD,0.6388888888888888,0.2543859649122807,0.23121387283236994,0.9770114942528736,0.7611940298507462,0.11475409836065574,0.971830985915493,0.30612244897959184,0.1050228310502283,0.3891213389121339,0.9545454545454546,0.07142857142857142,0.8888888888888888,0.16666666666666666,0.11363636363636363,0.9924528301886792,0.13725490196078433,0.5652173913043478
GTEX-12WSD-0011-R7b-SM-5PNWE,GTEX-12WSD,0.3411764705882353,0.35064935064935066,0.20245398773006135,0.9637377963737797,0.8888888888888888,0.10869565217391304,0.9090909090909091,0.875,0.49074074074074076,0.27140255009107467,0.9117647058823529,0.29411764705882354,0.7777777777777778,0.07692307692307693,0.13274336283185842,0.9786096256684492,0.4375,0.8181818181818182
GTEX-12WSD-0011-R9a-SM-5GU6W,GTEX-12WSD,0.7948717948717948,0.53125,0.24293785310734464,0.9035769828926905,0.7894736842105263,0.058823529411764705,0.9459459459459459,0.839572192513369,0.29515418502202645,0.5518207282913166,0.7938144329896907,0.3157894736842105,0.696969696969697,0.4666666666666667,0.02631578947368421,0.9837067209775967,0.7878787878787878,0.625
GTEX-12WSD-0126-SM-59HKN,GTEX-12WSD,0.9373219373219374,0.3162393162393162,0.2809917355371901,0.7418630751964085,0.05555555555555555,0.7916666666666666,0.5280898876404494,0.5238095238095238,0.4312796208530806,0.5523012552301255,0.10526315789473684,0.7362637362637363,0.21428571428571427,0.4222222222222222,0.40782122905027934,0.14640198511166252,0.4838709677419355,0.2765957446808511
GTEX-12WSD-0226-SM-59HKO,GTEX-12WSD,0.7042801556420234,0.6115107913669064,0.04643962848297214,0.3533151680290645,0.37254901960784315,0.8767772511848341,0.933649289099526,0.6,0.7002881844380403,0.9021113243761996,0.14754098360655737,0.8947368421052632,0.7111111111111111,0.543859649122807,0.4717948717948718,0.4279176201372998,0.6086956521739131,0.6814159292035398
GTEX-12WSD-0326-SM-59HKP,GTEX-12WSD,0.5189873417721519,0.8441558441558441,0.0243161094224924,0.4154351395730706,0.6956521739130435,0.5287356321839081,0.9120879120879121,0.43434343434343436,0.8177458033573142,0.7054631828978623,0.29292929292929293,0.7966101694915254,0.6,0.6923076923076923,0.1973392461197339,0.6098104793756968,0.7876106194690266,0.9469026548672567
GTEX-12WSD-0526-SM-5EQ6F,GTEX-12WSD,0.9796954314720813,0.8125,0.024390243902439025,0.005265677357587362,0.956989247311828,0.9935483870967742,0.8431372549019608,0.6666666666666666,0.9473684210526315,0.979539641943734,0.7529880478087649,1.0,1.0,1.0,0.4418604651162791,0.5294117647058824,0.9104477611940298,0.954248366013072
GTEX-12WSD-0626-SM-5GCMW,GTEX-12WSD,0.9333333333333333,0.1326530612244898,0.3723404255319149,0.8848920863309353,0.10869565217391304,0.7948717948717948,0.2214765100671141,0.42857142857142855,0.34545454545454546,0.41013824884792627,0.14792899408284024,0.40298507462686567,0.17073170731707318,0.1746031746031746,0.2695035460992908,0.26260869565217393,0.25,0.4339622641509434
GTEX-12WSD-0826-SM-5GCNE,GTEX-12WSD,0.5575221238938053,0.4358974358974359,0.30386740331491713,0.6268861454046639,0.16216216216216217,0.875,0.7543859649122807,0.4074074074074074,0.3402061855670103,0.7671033478893741,0.18840579710144928,0.7037037037037037,0.5,0.5428571428571428,0.32437619961612285,0.25925925925925924,0.3761467889908257,0.8461538461538461
GTEX-12WSD-0926-SM-5GCNL,GTEX-12WSD,0.8494623655913979,0.24489795918367346,0.4434389140271493,0.8294573643410853,0.13333333333333333,0.42857142857142855,0.3836477987421384,0.23076923076923078,0.233502538071066,0.5313131313131313,0.2,0.3333333333333333,0.6428571428571429,0.36231884057971014,0.10726643598615918,0.5254988913525499,0.11666666666666667,0.24444444444444444
GTEX-12WSD-1026-SM-5EQ42,GTEX-12WSD,0.9328859060402684,0.768595041322314,0.039301310043668124,0.3903448275862069,0.574468085106383,0.8592233009708737,0.8717948717948718,0.9387755102040817,0.8529411764705882,0.9689320388349515,0.1411764705882353,0.8918918918918919,0.8076923076923077,0.9777777777777777,0.7813597850795619,0.14022140221402213,0.3696969696969697,0.5528455284552846
GTEX-12WSD-1126-SM-5EGJD,GTEX-12WSD,0.26666666666666666,0.7575757575757576,0.02617801047120419,0.011291460832745237,0.8529411764705882,0.975,0.8153846153846154,0.4,0.9393939393939394,0.9813664596273292,0.7948717948717948,0.8636363636363636,1.0,0.8863636363636364,0.5802469135802469,0.6539589442815249,0.912568306010929,0.7876106194690266
GTEX-12WSD-1226-SM-5HL9Q,GTEX-12WSD,0.24242424242424243,0.8933333333333333,0.0297029702970297,0.02201911092646448,0.9322033898305084,0.99,0.8958333333333334,0.375,0.958974358974359,0.975,0.7731958762886598,0.8846153846153846,1.0,0.9245283018867925,0.5498938428874734,0.5284552845528455,0.6952380952380952,0.7763975155279503
GTEX-12WSD-1326-SM-5GCNU,GTEX-12WSD,0.9589552238805971,0.8571428571428571,0.014354066985645933,0.23195084485407066,0.7358490566037735,0.9416809605488851,0.9294117647058824,0.9058823529411765,0.880184331797235,0.975363941769317,0.07482993197278912,0.9393939393939394,0.7777777777777778,0.881578947368421,0.7533490937746257,0.2636363636363636,0.2727272727272727,0.8045977011494253
GTEX-12WSD-1426-SM-5GCN9,GTEX-12WSD,0.9823529411764705,0.25,0.2727272727272727,0.9739625711960944,0.3333333333333333,0.8666666666666667,0.3684210526315789,0.05,0.28780487804878047,0.9097222222222222,0.30337078651685395,0.13043478260869565,0.4117647058823529,0.25,0.10606060606060606,0.42,1.0,0.24691358024691357
GTEX-12WSD-1626-SM-5GCNR,GTEX-12WSD,0.9767441860465116,0.14285714285714285,0.9012345679012346,0.95625,0.2,0.1111111111111111,0.21428571428571427,0.0,0.08280254777070063,0.2948717948717949,0.045454545454545456,0.17647058823529413,0.2,0.06666666666666667,0.3333333333333333,0.10638297872340426,0.0,0.061224489795918366
GTEX-12WSD-1726-SM-5GCN4,GTEX-12WSD,0.42857142857142855,0.06382978723404255,0.75,0.9132653061224489,0.16,0.6666666666666666,0.7647058823529411,0.08196721311475409,0.40210526315789474,0.4114441416893733,0.3404255319148936,0.4838709677419355,0.4222222222222222,0.3333333333333333,0.08620689655172414,0.2326283987915408,0.4827586206896552,0.3333333333333333
GTEX-12WSD-1826-SM-5GCOA,GTEX-12WSD,0.925531914893617,0.1724137931034483,0.4330708661417323,0.9163248564397046,0.14893617021276595,0.9069767441860465,0.11711711711711711,0.2857142857142857,0.12352941176470589,0.45714285714285713,0.10185185185185185,0.24,0.19230769230769232,0.25925925925925924,0.7077625570776256,0.22491349480968859,0.11330049261083744,0.45454545454545453
GTEX-12WSD-1926-SM-5GCOV,GTEX-12WSD,0.7090909090909091,0.7746478873239436,0.04697986577181208,0.584493041749503,0.803921568627451,0.8701825557809331,0.9459459459459459,0.7849462365591398,0.834061135371179,0.8990182328190743,0.2153846153846154,0.7446808510638298,0.76,0.9338842975206612,0.9314285714285714,0.42424242424242425,0.3162393162393162,0.8639455782312925
GTEX-12WSD-2026-SM-5HL7D,GTEX-12WSD,0.8091603053435115,0.8795180722891566,0.004761904761904762,0.5184834123222749,0.5405405405405406,0.841897233201581,0.9428571428571428,0.7701149425287356,0.8857142857142857,0.9316628701594533,0.1743119266055046,0.8507462686567164,0.875,0.9657142857142857,0.8254132231404959,0.48135593220338985,0.352112676056338,0.8133333333333334
GTEX-12WSD-2126-SM-5LZWK,GTEX-12WSD,0.16129032258064516,0.2765957446808511,0.12,0.958981612446959,0.26666666666666666,0.8095238095238095,0.9333333333333333,0.05555555555555555,0.4977168949771689,0.379182156133829,0.3211009174311927,0.4838709677419355,0.22972972972972974,0.13846153846153847,0.07301587301587302,0.12883435582822086,0.2755102040816326,0.21212121212121213
GTEX-12WSD-2326-SM-59HKQ,GTEX-12WSD,0.8333333333333334,0.43478260869565216,0.5714285714285714,0.9109717868338558,0.34782608695652173,0.7512953367875648,0.36,0.4117647058823529,0.19122257053291536,0.44776119402985076,0.1826086956521739,0.41818181818181815,0.2682926829268293,0.7101449275362319,0.8763440860215054,0.3958333333333333,0.175,0.5409836065573771
GTEX-12WSD-2626-SM-5EGJE,GTEX-12WSD,0.7168141592920354,0.7627118644067796,0.00906344410876133,0.42083333333333334,0.6164383561643836,0.8443579766536965,0.8709677419354839,0.8936170212765957,0.9316239316239316,0.9384615384615385,0.17699115044247787,1.0,0.8,0.9555555555555556,0.8239795918367347,0.44715447154471544,0.41284403669724773,0.8288770053475936
GTEX-12WSD-2726-SM-59HLR,GTEX-12WSD,0.2,0.7111111111111111,0.07563025210084033,0.6533700137551581,0.23076923076923078,1.0,0.8055555555555556,0.29896907216494845,0.7980769230769231,0.9418181818181818,0.2073732718894009,0.7538461538461538,0.68,0.6101694915254238,0.10888610763454318,0.4880694143167028,0.2749003984063745,0.4049586776859504
GTEX-12WSD-2826-SM-59HKT,GTEX-12WSD,0.881578947368421,0.8144329896907216,0.04861111111111111,0.3568627450980392,0.23636363636363636,0.9761904761904762,0.7636363636363637,0.816793893129771,0.8861386138613861,0.9760809567617296,0.16129032258064516,0.855072463768116,0.8367346938775511,0.9150326797385621,0.4650655021834061,0.40707964601769914,0.2767857142857143,0.36619718309859156
GTEX-12WSD-2926-SM-5LZUH,GTEX-12WSD,0.7605633802816901,0.8166666666666667,0.01907356948228883,0.38215102974828374,0.3055555555555556,0.8793969849246231,0.7534246575342466,0.8688524590163934,0.8134328358208955,0.9680170575692963,0.14728682170542637,0.8055555555555556,0.9473684210526315,0.9,0.6577669902912622,0.45703125,0.21649484536082475,0.6438356164383562
GTEX-12WSD-3026-SM-5LZU7,GTEX-12WSD,0.9129251700680272,0.24186046511627907,0.6337349397590362,0.9641657334826428,0.85,0.046875,0.975,0.9762308998302207,0.10240963855421686,0.4148148148148148,0.9855072463768116,0.27835051546391754,0.84,0.3870967741935484,0.029411764705882353,0.9915209326974033,0.1232876712328767,0.8333333333333334
GTEX-12WSD-3126-SM-5HL7P,GTEX-12WSD,0.26732673267326734,0.5555555555555556,0.1592128801431127,0.9512195121951219,0.7222222222222222,0.08823529411764706,0.96875,0.8695652173913043,0.4166666666666667,0.4,0.9010989010989011,0.2,0.8260869565217391,0.15789473684210525,0.15254237288135594,0.9824868651488616,0.6190476190476191,0.6428571428571429
GTEX-12WSD-3226-SM-5HL9G,GTEX-12WSD,0.8285714285714286,0.12087912087912088,0.8248175182481752,0.924924924924925,0.03225806451612903,0.25,0.7333333333333333,0.36,0.04669260700389105,0.14628297362110312,0.3382352941176471,0.3076923076923077,0.5714285714285714,0.3023255813953488,0.09923664122137404,0.9672897196261683,0.01639344262295082,0.4074074074074074
GTEX-12ZZX-0005-SM-5O9A9,GTEX-12ZZX,0.07692307692307693,0.011494252873563218,0.8280542986425339,0.9326923076923077,0.0,1.0,0.5,0.022900763358778626,0.004761904761904762,0.043795620437956206,0.4777777777777778,0.29577464788732394,0.09278350515463918,0.09259259259259259,1.0,0.5482233502538071,0.0,1.0
GTEX-12ZZX-0011-R10b-SM-5DUWK,GTEX-12ZZX,0.6781609195402298,0.16103896103896104,0.28735632183908044,0.9925373134328358,0.7441860465116279,0.05454545454545454,0.975609756097561,0.928395061728395,0.17763157894736842,0.3443163097199341,0.9650655021834061,0.10638297872340426,0.9047619047619048,0.08,0.0967741935483871,0.9918422841604351,0.13043478260869565,0.44680851063829785
GTEX-12ZZX-0011-R11a-SM-5DUVJ,GTEX-12ZZX,0.9528487229862476,0.13734939759036144,0.803921568627451,0.9911504424778761,0.717948717948718,0.017543859649122806,1.0,0.9801242236024845,0.06584362139917696,0.463302752293578,0.9805825242718447,0.1564625850340136,1.0,0.29411764705882354,0.022556390977443608,0.9975,0.06666666666666667,0.8245614035087719
GTEX-12ZZX-0011-R1a-SM-5EQ6B,GTEX-12ZZX,0.09375,0.28,0.1864864864864865,0.9717948717948718,0.6619718309859155,0.07894736842105263,0.9672131147540983,0.5641025641025641,0.36182336182336183,0.20238095238095238,0.8723404255319149,0.1282051282051282,0.21052631578947367,0.3333333333333333,0.15789473684210525,0.9929577464788732,0.8596491228070176,0.3333333333333333
GTEX-12ZZX-0011-R2a-SM-5EGLG,GTEX-12ZZX,0.20512820512820512,0.46206896551724136,0.08235294117647059,0.9583931133428981,0.8148148148148148,0.10714285714285714,1.0,0.3,0.4777777777777778,0.36741214057507987,0.9191919191919192,0.13513513513513514,0.30434782608695654,0.09090909090909091,0.1743119266055046,0.9783783783783784,0.4222222222222222,0.8378378378378378
GTEX-12ZZX-0011-R3b-SM-5EGLH,GTEX-12ZZX,0.422680412371134,0.31496062992125984,0.16666666666666666,0.9292237442922374,0.75,0.15384615384615385,0.9607843137254902,0.8773946360153256,0.4551971326164875,0.3323442136498516,0.945054945054945,0.05084745762711865,0.7272727272727273,0.14285714285714285,0.22641509433962265,0.9835873388042204,0.42857142857142855,0.8596491228070176
GTEX-12ZZX-0011-R5a-SM-5HL89,GTEX-12ZZX,0.125,0.421875,0.13450292397660818,0.9505041246562786,0.7959183673469388,0.16883116883116883,0.8,0.84,0.5377777777777778,0.3906810035842294,0.8653846153846154,0.10526315789473684,0.7142857142857143,0.3333333333333333,0.18478260869565216,0.9657794676806084,0.4166666666666667,0.75
GTEX-12ZZX-0011-R6a-SM-5HL8L,GTEX-12ZZX,0.5789473684210527,0.2777777777777778,0.28169014084507044,0.9605488850771869,0.7142857142857143,0.05084745762711865,1.0,0.9518072289156626,0.40714285714285714,0.22448979591836735,0.9576719576719577,0.24444444444444444,0.5555555555555556,0.4482758620689655,0.36231884057971014,0.9824561403508771,0.3220338983050847,0.5
GTEX-12ZZX-0011-R7b-SM-5DUVV,GTEX-12ZZX,0.09259259259259259,0.43548387096774194,0.06493506493506493,0.9336734693877551,0.8214285714285714,0.20987654320987653,0.868421052631579,0.6825396825396826,0.5022222222222222,0.43313373253493015,0.9789473684210527,0.20833333333333334,0.7419354838709677,0.3333333333333333,0.17475728155339806,0.9501039501039501,0.6086956521739131,0.8666666666666667
GTEX-12ZZX-0011-R8a-SM-5DUW8,GTEX-12ZZX,0.5581395348837209,0.20670391061452514,0.24352331606217617,0.9796954314720813,0.8666666666666667,0.058823529411764705,1.0,0.4117647058823529,0.30303030303030304,0.4863157894736842,0.8677685950413223,0.08571428571428572,0.8709677419354839,0.1111111111111111,0.3333333333333333,0.9851116625310173,0.46153846153846156,0.6363636363636364
GTEX-12ZZX-0126-SM-5EGK9,GTEX-12ZZX,0.9279279279279279,0.09032258064516129,0.25874125874125875,0.8398983481575604,0.061224489795918366,0.7037037037037037,0.14435695538057744,0.4074074074074074,0.35,0.5490196078431373,0.07981220657276995,0.4188034188034188,0.0975609756097561,0.3142857142857143,0.4418604651162791,0.2564491654021244,0.08108108108108109,0.373134328358209
GTEX-12ZZX-0226-SM-5DUXU,GTEX-12ZZX,0.5172413793103449,0.5172413793103449,0.02877697841726619,0.452970297029703,0.46875,0.8115942028985508,0.7653631284916201,0.5362318840579711,0.691358024691358,0.9142419601837672,0.16417910447761194,0.7777777777777778,0.5294117647058824,0.6164383561643836,0.19036144578313252,0.40492957746478875,0.7349397590361446,0.6857142857142857
GTEX-12ZZX-0326-SM-5DUVH,GTEX-12ZZX,0.9661016949152542,0.8529411764705882,0.0,0.009370816599732263,0.9879518072289156,0.968,0.9333333333333333,0.7241379310344828,0.8877551020408163,0.9558823529411765,0.7111111111111111,0.9849624060150376,0.7777777777777778,0.9347826086956522,0.27586206896551724,0.45454545454545453,0.9869281045751634,0.9801980198019802
GTEX-12ZZX-0426-SM-5DUVT,GTEX-12ZZX,0.5462184873949579,0.8526315789473684,0.011884550084889643,0.3195548489666137,0.6065573770491803,0.6923076923076923,0.835820895522388,0.5428571428571428,0.8728813559322034,0.683371298405467,0.2606060606060606,0.8181818181818182,0.7777777777777778,0.7377049180327869,0.3441780821917808,0.6662546353522868,0.8064516129032258,0.9142857142857143
GTEX-12ZZX-0526-SM-5DUW6,GTEX-12ZZX,0.8840579710144928,0.8295964125560538,0.029850746268656716,0.4347240915208614,0.7981651376146789,0.8887627695800226,0.8939393939393939,0.9727891156462585,0.8367346938775511,0.9744897959183674,0.10734463276836158,0.9534883720930233,0.6923076923076923,0.9484536082474226,0.8676470588235294,0.23367697594501718,0.5751295336787565,0.9135135135135135
GTEX-12ZZX-0626-SM-5EQ46,GTEX-12ZZX,0.5314285714285715,0.7222222222222222,0.010893246187363835,0.24473684210526317,0.671875,0.923728813559322,0.7012987012987013,0.6339285714285714,0.746268656716418,0.9439359267734554,0.1839080459770115,0.7894736842105263,0.6981132075471698,0.8055555555555556,0.8314873417721519,0.6442516268980477,0.3157894736842105,0.7398373983739838
GTEX-12ZZX-0726-SM-5EGKA,GTEX-12ZZX,0.1390728476821192,0.9411764705882353,0.030864197530864196,0.02082514734774067,0.7590361445783133,0.8867924528301887,0.9393939393939394,0.4782608695652174,0.9211822660098522,0.9602836879432625,0.7142857142857143,0.9215686274509803,0.5897435897435898,1.0,0.36807817589576547,0.7049180327868853,0.8232931726907631,0.834319526627219
GTEX-12ZZX-1026-SM-5LZUW,GTEX-12ZZX,0.8921568627450981,0.8503401360544217,0.0,0.2318840579710145,0.7567567567567568,0.9191919191919192,0.8461538461538461,0.9180327868852459,0.9236641221374046,0.9770114942528736,0.0684931506849315,0.8297872340425532,0.6483516483516484,0.9104477611940298,0.8072847682119205,0.3987730061349693,0.48031496062992124,0.7401129943502824
GTEX-12ZZX-1126-SM-5EGKB,GTEX-12ZZX,0.900990099009901,0.43612334801762115,0.21739130434782608,0.7175141242937854,0.23076923076923078,0.717948717948718,0.27835051546391754,0.3176470588235294,0.5169811320754717,0.7407407407407407,0.17647058823529413,0.6981132075471698,0.5416666666666666,0.45054945054945056,0.15081967213114755,0.5545023696682464,0.5151515151515151,0.19008264462809918
GTEX-12ZZX-1226-SM-5EGHS,GTEX-12ZZX,0.82,0.22580645161290322,0.411371237458194,0.7901234567901234,0.3055555555555556,0.8181818181818182,0.3076923076923077,0.3584905660377358,0.18210862619808307,0.6473214285714286,0.25984251968503935,0.24444444444444444,0.2857142857142857,0.22448979591836735,0.12280701754385964,0.5025125628140703,0.3090909090909091,0.3333333333333333
GTEX-12ZZX-1326-SM-5DUWI,GTEX-12ZZX,0.9263803680981595,0.14814814814814814,0.48,0.9070321811680572,0.14285714285714285,0.9322033898305084,0.11711711711711711,0.3333333333333333,0.12098765432098765,0.5384615384615384,0.08433734939759036,0.09523809523809523,0.25806451612903225,0.2,0.6546762589928058,0.1729957805907173,0.010638297872340425,0.6666666666666666
GTEX-12ZZX-1726-SM-5BC63,GTEX-12ZZX,0.37037037037037035,0.4375,0.07116104868913857,0.5367913148371531,0.5737704918032787,0.6739130434782609,0.6339869281045751,0.15789473684210525,0.7664233576642335,0.9090909090909091,0.27419354838709675,0.8125,0.6410256410256411,0.639344262295082,0.09363295880149813,0.6056338028169014,0.816793893129771,0.84
GTEX-12ZZX-1926-SM-5EGKC,GTEX-12ZZX,0.8078602620087336,0.8532110091743119,0.00423728813559322,0.36540962288686607,0.47368421052631576,0.9166666666666666,0.5614035087719298,0.68,0.8478260869565217,0.9676113360323887,0.1724137931034483,0.7283950617283951,0.7288135593220338,0.875,0.3951137320977254,0.6388261851015802,0.5625,0.5514018691588785
GTEX-12ZZX-2026-SM-5LZV9,GTEX-12ZZX,0.6842105263157895,0.5652173913043478,0.014925373134328358,0.5653710247349824,0.34615384615384615,0.8181818181818182,0.8484848484848485,0.4959349593495935,0.8811881188118812,0.9601593625498008,0.18716577540106952,0.5492957746478874,0.9047619047619048,0.6333333333333333,0.18156424581005587,0.38809034907597534,0.43724696356275305,0.41935483870967744
GTEX-12ZZX-2126-SM-5LZVL,GTEX-12ZZX,0.6875,0.7142857142857143,0.08641975308641975,0.4302158273381295,0.37037037037037035,0.927710843373494,0.7142857142857143,0.8850574712643678,0.8928571428571429,0.9842312746386334,0.11931818181818182,0.7837837837837838,0.8461538461538461,0.8627450980392157,0.2620689655172414,0.43832020997375326,0.40540540540540543,0.4430379746835443
GTEX-12ZZX-2426-SM-5GCOE,GTEX-12ZZX,0.9473684210526315,0.05825242718446602,0.5348837209302325,0.9209225700164745,0.047619047619047616,0.5,0.10869565217391304,0.2727272727272727,0.23636363636363636,0.4093567251461988,0.08280254777070063,0.42857142857142855,0.14285714285714285,0.2558139534883721,0.2743362831858407,0.2951945080091533,0.0,0.3939393939393939
GTEX-12ZZX-2726-SM-5N9FT,GTEX-12ZZX,0.8423645320197044,0.8431372549019608,0.008,0.4856081708449396,0.7058823529411765,0.8732394366197183,0.7468354430379747,0.7310924369747899,0.9077429983525536,0.937612477504499,0.2,0.8490566037735849,0.8181818181818182,0.9759036144578314,0.9324074074074075,0.3254901960784314,0.44,0.9078341013824884
GTEX-12ZZX-2826-SM-5BC6K,GTEX-12ZZX,0.9267515923566879,0.1693548387096774,0.7796610169491526,0.97712833545108,0.7391304347826086,0.029850746268656716,0.963963963963964,0.9799498746867168,0.03840245775729647,0.46285714285714286,0.9719298245614035,0.15789473684210525,0.9444444444444444,0.2753623188405797,0.08571428571428572,0.9987531172069826,0.0,0.75
GTEX-12ZZX-2926-SM-5GCOQ,GTEX-12ZZX,0.7922077922077922,0.22469135802469137,0.28104575163398693,0.9804161566707467,0.7777777777777778,0.14018691588785046,0.9736842105263158,0.9395973154362416,0.26037735849056604,0.3554913294797688,0.9766536964980544,0.10638297872340426,0.6666666666666666,0.2,0.32075471698113206,0.9937888198757764,0.12903225806451613,0.6444444444444445
GTEX-12ZZX-3026-SM-5GCP3,GTEX-12ZZX,0.18181818181818182,0.14285714285714285,0.2727272727272727,0.9056603773584906,0.34285714285714286,0.17857142857142858,0.712,0.24242424242424243,0.3993174061433447,0.36594202898550726,0.28888888888888886,0.06382978723404255,0.45454545454545453,0.23076923076923078,0.10030395136778116,0.9302752293577982,0.1111111111111111,0.5348837209302325
GTEX-1313W-0006-SM-5O9B1,GTEX-1313W,0.0,0.07142857142857142,0.8701298701298701,0.847457627118644,0.0,1.0,0.5555555555555556,0.0,0.015384615384615385,0.07272727272727272,0.5882352941176471,0.42857142857142855,0.07692307692307693,0.05263157894736842,0.5,0.4852941176470588,0.0,
GTEX-1313W-0011-R10b-SM-5DUXA,GTEX-1313W,0.8947368421052632,0.21074964639321075,0.3700787401574803,0.983150800336984,0.9166666666666666,0.075,0.9540229885057471,0.971049457177322,0.05226480836236934,0.3313953488372093,1.0,0.03125,0.8666666666666667,0.05555555555555555,0.07407407407407407,0.9877300613496932,0.14285714285714285,0.5121951219512195
GTEX-1313W-0011-R11a-SM-5DUXN,GTEX-1313W,0.9390581717451524,0.1958762886597938,0.863013698630137,0.9853403141361257,0.9,0.25,1.0,0.9694323144104804,0.02074688796680498,0.3613861386138614,0.9903381642512077,0.15151515151515152,1.0,0.1111111111111111,0.09090909090909091,1.0,0.05,0.6190476190476191
GTEX-1313W-0011-R1b-SM-5EQ4A,GTEX-1313W,0.8352941176470589,0.3789954337899543,0.10426540284360189,0.9564516129032258,0.75,0.23076923076923078,0.9354838709677419,0.9085714285714286,0.2863849765258216,0.29498164014687883,0.9558823529411765,0.0625,0.75,0.26666666666666666,0.1111111111111111,0.9810526315789474,0.3548387096774194,0.6
GTEX-1313W-0011-R2a-SM-5EGLF,GTEX-1313W,0.8292682926829268,0.46859903381642515,0.0970873786407767,0.975051975051975,0.8307692307692308,0.2830188679245283,0.9375,0.4838709677419355,0.21666666666666667,0.49206349206349204,0.9640718562874252,0.18072289156626506,0.6666666666666666,0.04918032786885246,0.1791907514450867,0.972176759410802,0.38271604938271603,0.6071428571428571
GTEX-1313W-0011-R3a-SM-5EGLI,GTEX-1313W,0.7619047619047619,0.19077568134171907,0.2897196261682243,0.9683481701285855,0.8666666666666667,0.1,0.8823529411764706,0.908256880733945,0.14741035856573706,0.326984126984127,0.9710144927536232,0.125,0.7333333333333333,0.0,0.15315315315315314,0.9861431870669746,0.21212121212121213,0.5161290322580645
GTEX-1313W-0011-R4b-SM-5KLZV,GTEX-1313W,0.35135135135135137,0.35714285714285715,0.1556420233463035,0.9455782312925171,0.8,0.20689655172413793,1.0,0.8552036199095022,0.46411483253588515,0.2974683544303797,0.9264705882352942,0.2,0.5,0.0625,0.15294117647058825,0.977639751552795,0.48717948717948717,0.627906976744186
GTEX-1313W-0011-R5b-SM-5L3EP,GTEX-1313W,0.4461538461538462,0.25396825396825395,0.2029520295202952,0.9703504043126685,0.7777777777777778,0.1323529411764706,0.8181818181818182,0.9706959706959707,0.30973451327433627,0.22865853658536586,0.9877300613496932,0.35714285714285715,1.0,0.058823529411764705,0.12244897959183673,0.9832935560859188,0.11290322580645161,0.7857142857142857
GTEX-1313W-0011-R6a-SM-5K7XO,GTEX-1313W,0.6811594202898551,0.11737089201877934,0.45454545454545453,0.9722572509457755,0.7058823529411765,0.11450381679389313,1.0,0.9732142857142857,0.2608695652173913,0.15474209650582363,0.9470198675496688,0.2222222222222222,0.6666666666666666,0.2222222222222222,0.2222222222222222,0.9871657754010695,0.08860759493670886,0.6444444444444445
GTEX-1313W-0011-R7b-SM-5DUWL,GTEX-1313W,0.6,0.425531914893617,0.1326530612244898,0.9395296752519597,0.8857142857142857,0.05263157894736842,0.9047619047619048,0.9078947368421053,0.31601731601731603,0.3333333333333333,0.9795918367346939,0.16666666666666666,0.8095238095238095,0.1875,0.09090909090909091,0.9800995024875622,0.26436781609195403,0.52
GTEX-1313W-0011-R8a-SM-5DUVM,GTEX-1313W,0.7291666666666666,0.19444444444444445,0.25,0.9540669856459331,0.6,0.125,0.9166666666666666,0.40540540540540543,0.2830188679245283,0.47876447876447875,0.9117647058823529,0.06896551724137931,0.9,0.08571428571428572,0.38028169014084506,0.9878345498783455,0.2972972972972973,0.75
GTEX-1313W-0126-SM-5LZUN,GTEX-1313W,0.908256880733945,0.17784256559766765,0.23404255319148937,0.8314176245210728,0.07407407407407407,0.7254901960784313,0.2168284789644013,0.45,0.36024844720496896,0.4135593220338983,0.06598984771573604,0.5172413793103449,0.11864406779661017,0.1717171717171717,0.29277566539923955,0.18526315789473685,0.25925925925925924,0.23809523809523808
GTEX-1313W-0226-SM-5LZV7,GTEX-1313W,0.5294117647058824,0.5238095238095238,0.02564102564102564,0.4275,0.4074074074074074,0.8823529411764706,0.8954248366013072,0.45652173913043476,0.7247706422018348,0.8900804289544236,0.17355371900826447,0.875,0.543859649122807,0.4716981132075472,0.209478672985782,0.34393638170974156,0.7777777777777778,0.7727272727272727
GTEX-1313W-0326-SM-5LZU5,GTEX-1313W,0.35064935064935066,0.875,0.013550135501355014,0.40365682137834036,0.6752136752136753,0.5720930232558139,0.9022222222222223,0.25,0.8770226537216829,0.5983989326217478,0.3862433862433862,0.5882352941176471,0.5409836065573771,0.48148148148148145,0.1592356687898089,0.8058252427184466,0.96,0.9380692167577414
GTEX-1313W-0526-SM-5P9FZ,GTEX-1313W,0.9759036144578314,0.9655172413793104,0.0,0.004618310241782124,0.9532710280373832,0.9958333333333333,0.90625,0.9047619047619048,0.912751677852349,0.9691358024691358,0.8558139534883721,1.0,1.0,0.9398496240601504,0.30578512396694213,0.5609756097560976,0.9751552795031055,0.9347181008902077
GTEX-1313W-0626-SM-5EQ4H,GTEX-1313W,0.9310344827586207,0.09202453987730061,0.3333333333333333,0.9292604501607717,0.05084745762711865,0.42857142857142855,0.20987654320987653,0.23076923076923078,0.20606060606060606,0.20987654320987653,0.09743589743589744,0.25,0.025,0.06976744186046512,0.21739130434782608,0.2806652806652807,0.29411764705882354,0.10526315789473684
GTEX-1313W-0726-SM-5EGK1,GTEX-1313W,0.8970588235294118,0.2328767123287671,0.45774647887323944,0.8737373737373737,0.21311475409836064,1.0,0.5126050420168067,0.20588235294117646,0.22580645161290322,0.5852417302798982,0.14606741573033707,0.29411764705882354,0.48,0.14606741573033707,0.19008264462809918,0.40552016985138006,0.25773195876288657,0.25925925925925924
GTEX-1313W-0826-SM-5EQ4T,GTEX-1313W,0.5348837209302325,0.6144578313253012,0.11278195488721804,0.5781922525107605,0.375,0.788235294117647,0.64,0.37037037037037035,0.7441860465116279,0.8031980319803198,0.2537313432835821,0.5757575757575758,0.6444444444444445,0.4,0.24500907441016334,0.5164179104477612,0.6056338028169014,0.5111111111111111
GTEX-1313W-0926-SM-5EQ56,GTEX-1313W,0.2231404958677686,0.38461538461538464,0.2336448598130841,0.674347158218126,0.18518518518518517,1.0,0.5211267605633803,0.14285714285714285,0.23905723905723905,0.4944237918215613,0.39473684210526316,0.30434782608695654,0.16417910447761194,0.12195121951219512,0.03424657534246575,0.25748502994011974,0.14583333333333334,0.6923076923076923
GTEX-1313W-1026-SM-5EQ5I,GTEX-1313W,0.8472906403940886,0.8571428571428571,0.07103825136612021,0.23569794050343248,0.48,0.9296187683284457,0.7192982456140351,0.8227848101265823,0.7,0.9433681073025335,0.15328467153284672,0.9375,0.696969696969697,0.8795180722891566,0.6573926868044515,0.35064935064935066,0.4117647058823529,0.59375
GTEX-1313W-1126-SM-5EQ5U,GTEX-1313W,0.3128834355828221,0.7,0.029940119760479042,0.045992115637319315,0.7204301075268817,0.8850574712643678,0.7446808510638298,0.49019607843137253,0.8844765342960289,0.8784676354029062,0.674074074074074,0.9183673469387755,0.6190476190476191,0.7611940298507462,0.22112211221122113,0.5376623376623376,0.84251968503937,0.7266187050359713
GTEX-1313W-1426-SM-5KLZU,GTEX-1313W,0.49206349206349204,0.8285714285714286,0.011406844106463879,0.011619047619047619,0.7230769230769231,0.9298245614035088,0.6666666666666666,0.4153846153846154,0.9214402618657938,0.9812792511700468,0.6610169491525424,0.8787878787878788,0.391304347826087,0.7313432835820896,0.28413284132841327,0.650887573964497,0.8867924528301887,0.7355371900826446
GTEX-1313W-1626-SM-5J1OE,GTEX-1313W,0.75,0.5,0.0990990990990991,0.4606240713224368,0.5955056179775281,0.8439716312056738,0.6601941747572816,0.34579439252336447,0.7984084880636605,0.9098286744815148,0.23255813953488372,0.6052631578947368,0.8,0.4375,0.0467706013363029,0.5267175572519084,0.8291139240506329,0.5686274509803921
GTEX-1313W-2726-SM-5P9IX,GTEX-1313W,0.37142857142857144,0.7281553398058253,0.008064516129032258,0.3462033462033462,0.45098039215686275,0.8,0.7543859649122807,0.42574257425742573,0.8922155688622755,0.8870967741935484,0.19801980198019803,0.7582417582417582,0.7837837837837838,0.4,0.05405405405405406,0.3416666666666667,0.47186147186147187,0.2112676056338028
GTEX-1313W-2826-SM-5P9G1,GTEX-1313W,0.8125,0.7886178861788617,0.03765690376569038,0.3315068493150685,0.45054945054945056,0.8795180722891566,0.6737588652482269,0.7407407407407407,0.8601398601398601,0.9677158999192897,0.1056338028169014,0.7352941176470589,0.8378378378378378,0.6134453781512605,0.37487636003956476,0.3175775480059084,0.5607476635514018,0.21311475409836064
GTEX-1313W-3026-SM-5LZUZ,GTEX-1313W,0.9409158050221565,0.1506172839506173,0.90625,0.9783950617283951,0.7857142857142857,0.08,0.8867924528301887,0.9666908037653874,0.02584493041749503,0.38691588785046727,0.9692307692307692,0.28,0.9565217391304348,0.03571428571428571,0.15151515151515152,0.9954545454545455,0.0847457627118644,0.8823529411764706
GTEX-1313W-3126-SM-5LZUI,GTEX-1313W,0.7428571428571429,0.28368794326241137,0.21243523316062177,0.9615384615384616,0.7435897435897436,0.14705882352941177,0.9183673469387755,0.9689922480620154,0.20610687022900764,0.42394822006472493,0.990521327014218,0.07894736842105263,0.8571428571428571,0.02564102564102564,0.0967741935483871,0.9912967798085291,0.6363636363636364,0.37142857142857144
GTEX-1313W-3226-SM-5LZUU,GTEX-1313W,0.8157894736842105,0.05220883534136546,0.6744186046511628,0.9284210526315789,0.058823529411764705,0.05263157894736842,0.5892857142857143,0.26666666666666666,0.12893982808022922,0.23924268502581755,0.28846153846153844,0.3246753246753247,0.5,0.10588235294117647,0.043478260869565216,0.8678815489749431,0.05,0.125
GTEX-131YS-0005-SM-5NQAS,GTEX-131YS,0.16666666666666666,0.0,0.8765432098765432,0.7966101694915254,0.015873015873015872,0.0,,0.038461538461538464,0.006896551724137931,0.027888446215139442,0.4418604651162791,0.44761904761904764,0.12,0.01694915254237288,0.5,0.5091575091575091,0.0,1.0
GTEX-131YS-0011-R10b-SM-5EQ5N,GTEX-131YS,0.7142857142857143,0.2586750788643533,0.2887537993920973,0.9818548387096774,0.7804878048780488,0.08148148148148149,1.0,0.9351701782820098,0.24778761061946902,0.41374045801526715,0.9820627802690582,0.15789473684210525,0.9090909090909091,0.037037037037037035,0.20588235294117646,0.9907834101382489,0.12643678160919541,0.4909090909090909
GTEX-131YS-0011-R11b-SM-5EGLM,GTEX-131YS,0.9502617801047121,0.13250283125707815,0.8313253012048193,0.9889908256880734,0.5324675324675324,0.03125,0.9813084112149533,0.9827493261455525,0.05,0.4336283185840708,0.9638009049773756,0.2,0.9375,0.012658227848101266,0.06349206349206349,0.9989621172807472,0.03296703296703297,0.7358490566037735
GTEX-131YS-0011-R1a-SM-5DUXC,GTEX-131YS,0.5348837209302325,0.46206896551724136,0.12596401028277635,0.9185282522996058,0.6363636363636364,0.17647058823529413,1.0,0.6438356164383562,0.5359116022099447,0.3669064748201439,0.8613861386138614,0.25,0.5,0.0,0.18471337579617833,0.9433962264150944,0.6666666666666666,0.6666666666666666
GTEX-131YS-0011-R3b-SM-5DUXB,GTEX-131YS,0.7894736842105263,0.25957446808510637,0.30434782608695654,0.9761194029850746,0.696969696969697,0.0625,1.0,0.8596491228070176,0.20437956204379562,0.2822429906542056,0.9603960396039604,0.2222222222222222,0.8666666666666667,0.058823529411764705,0.35135135135135137,0.9927272727272727,0.09803921568627451,0.7857142857142857
GTEX-131YS-0011-R4a-SM-5DUVL,GTEX-131YS,0.2564102564102564,0.32653061224489793,0.15625,0.9823008849557522,1.0,0.21739130434782608,1.0,0.7281553398058253,0.4881889763779528,0.1827956989247312,0.9310344827586207,0.28,1.0,0.0,0.13725490196078433,0.9779005524861878,0.3103448275862069,0.8604651162790697
GTEX-131YS-0011-R5b-SM-5K7YB,GTEX-131YS,0.36,0.30275229357798167,0.22063037249283668,0.9391304347826087,0.4827586206896552,0.07017543859649122,0.9183673469387755,0.9495268138801262,0.3263157894736842,0.14153846153846153,0.9333333333333333,0.24324324324324326,0.8666666666666667,0.0,0.15384615384615385,0.9829059829059829,0.14942528735632185,0.6956521739130435
GTEX-131YS-0011-R7a-SM-5IJDA,GTEX-131YS,0.5384615384615384,0.18253968253968253,0.2679245283018868,0.972101133391456,0.7857142857142857,0.12149532710280374,0.8125,0.9523809523809523,0.4254545454545455,0.18406593406593408,0.9459459459459459,0.17647058823529413,0.7,0.15151515151515152,0.09433962264150944,0.9865771812080537,0.2857142857142857,0.5909090909090909
GTEX-131YS-0011-R9b-SM-5EQLY,GTEX-131YS,0.7692307692307693,0.5319148936170213,0.17376294591484465,0.9006560449859419,0.782608695652174,0.12863070539419086,0.9361702127659575,0.75,0.45023696682464454,0.3459715639810427,1.0,0.13043478260869565,0.574468085106383,0.08,0.23076923076923078,0.9727047146401985,0.6818181818181818,0.8181818181818182
GTEX-131YS-0126-SM-5KM1M,GTEX-131YS,0.91,0.08333333333333333,0.4915254237288136,0.8485639686684073,0.0,0.6883116883116883,0.2687224669603524,0.48484848484848486,0.27184466019417475,0.3620689655172414,0.08021390374331551,0.7142857142857143,0.24,0.07317073170731707,0.5271317829457365,0.16521739130434782,0.18181818181818182,0.38271604938271603
GTEX-131YS-0226-SM-5IJEH,GTEX-131YS,0.5913978494623656,0.7623762376237624,0.03139013452914798,0.3820335636722606,0.32673267326732675,0.865979381443299,0.8660714285714286,0.44654088050314467,0.6971279373368147,0.901453957996769,0.1717171717171717,0.7142857142857143,0.5633802816901409,0.019230769230769232,0.31150442477876106,0.5827538247566064,0.7586206896551724,0.6697247706422018
GTEX-131YS-0326-SM-5PNYW,GTEX-131YS,0.4064516129032258,0.8540145985401459,0.009652509652509652,0.2632794457274827,0.711340206185567,0.5358166189111748,0.8660714285714286,0.23404255319148937,0.8516483516483516,0.6226101413133832,0.39285714285714285,0.66,0.7931034482758621,0.058823529411764705,0.06983655274888559,0.7952497952497952,0.8235294117647058,0.9051546391752577
GTEX-131YS-0426-SM-5EQ4J,GTEX-131YS,0.8023106546854942,0.8193548387096774,0.015748031496062992,0.36012861736334406,0.6263736263736264,0.8717948717948718,0.9180327868852459,0.8354430379746836,0.8601398601398601,0.9574683544303797,0.1232876712328767,0.971830985915493,0.7910447761194029,0.4606741573033708,0.8033586132177681,0.1507607192254495,0.5063829787234042,0.717741935483871
GTEX-131YS-0526-SM-5EGKJ,GTEX-131YS,0.9642857142857143,0.75,0.02857142857142857,0.0068359375,0.9615384615384616,0.9609120521172638,0.9032258064516129,0.7142857142857143,0.9665271966527197,0.9959595959595959,0.7834394904458599,0.9636363636363636,0.6666666666666666,0.8596491228070176,0.3770491803278688,0.6049382716049383,0.9792746113989638,0.9619565217391305
GTEX-131YS-0626-SM-5EGKL,GTEX-131YS,0.9078947368421053,0.43333333333333335,0.16607773851590105,0.6555183946488294,0.13793103448275862,0.75,0.4090909090909091,0.5555555555555556,0.4827586206896552,0.6423529411764706,0.10948905109489052,0.5625,0.543859649122807,0.030303030303030304,0.14511873350923482,0.49872122762148335,0.40350877192982454,0.14035087719298245
GTEX-131YS-0726-SM-5P9G9,GTEX-131YS,0.9066666666666666,0.24615384615384617,0.5255255255255256,0.8962264150943396,0.2054794520547945,0.6,0.35526315789473684,0.2857142857142857,0.18163672654690619,0.5659276546091015,0.15337423312883436,0.3076923076923077,0.37681159420289856,0.05555555555555555,0.08542713567839195,0.3972602739726027,0.1951219512195122,0.2
GTEX-131YS-0826-SM-5PNYV,GTEX-131YS,0.11508951406649616,0.8983050847457628,0.014005602240896359,0.025225786359389598,0.8776758409785933,0.9797297297297297,0.8265895953757225,0.475,0.9265658747300216,0.9474835886214442,0.7300613496932515,1.0,0.45,0.5728155339805825,0.7024390243902439,0.6120906801007556,0.8143133462282398,0.7836644591611479
GTEX-131YS-0926-SM-5IJB9,GTEX-131YS,0.7333333333333333,0.6326530612244898,0.13119533527696792,0.524390243902439,0.38461538461538464,0.8723404255319149,0.6631578947368421,0.5555555555555556,0.6509695290858726,0.7548891786179922,0.1509433962264151,0.7142857142857143,0.38823529411764707,0.11764705882352941,0.35491329479768785,0.405,0.2919254658385093,0.6285714285714286
GTEX-131YS-1126-SM-5N9FQ,GTEX-131YS,0.8746383799421408,0.8142857142857143,0.006097560975609756,0.187206020696143,0.6712328767123288,0.921146953405018,0.8095238095238095,0.889763779527559,0.9162011173184358,0.9737663960024985,0.12077294685990338,0.84,0.9375,0.31645569620253167,0.7783300198807157,0.24793388429752067,0.48760330578512395,0.5204081632653061
GTEX-131YS-1226-SM-5K7VE,GTEX-131YS,0.7755443886097152,0.8115942028985508,0.08045977011494253,0.30434782608695654,0.5529411764705883,0.9604743083003953,0.8363636363636363,0.7843137254901961,0.8009478672985783,0.9571984435797666,0.17391304347826086,0.8709677419354839,0.660377358490566,0.36666666666666664,0.7891428571428571,0.27177700348432055,0.4330708661417323,0.4777777777777778
GTEX-131YS-1426-SM-5IJF7,GTEX-131YS,0.9624413145539906,0.3220338983050847,0.27607361963190186,0.887292817679558,0.2857142857142857,0.8333333333333334,0.20245398773006135,0.4576271186440678,0.15527950310559005,0.6153091265947007,0.11351351351351352,0.5094339622641509,0.11363636363636363,0.058823529411764705,0.5891472868217055,0.3539518900343643,0.25,0.5454545454545454
GTEX-131YS-1626-SM-5HL6C,GTEX-131YS,0.9929824561403509,1.0,0.14285714285714285,0.9560922063666301,0.3333333333333333,0.875,0.391304347826087,0.0,0.23529411764705882,0.9543147208121827,0.2982456140350877,0.21739130434782608,0.0,0.0,0.2777777777777778,0.15254237288135594,0.6470588235294118,0.2087912087912088
GTEX-131YS-1726-SM-5HL7G,GTEX-131YS,0.5106382978723404,0.5111111111111111,0.009708737864077669,0.4066437571592211,0.3684210526315789,0.8378378378378378,0.6438356164383562,0.4090909090909091,0.760797342192691,0.9152046783625731,0.1686746987951807,0.5789473684210527,0.7857142857142857,0.05454545454545454,0.0847457627118644,0.6153846153846154,0.5924528301886792,0.6
GTEX-131YS-2026-SM-5P9J8,GTEX-131YS,0.4157303370786517,0.1724137931034483,0.04081632653061224,0.9523128278493085,0.3617021276595745,0.9411764705882353,0.967741935483871,0.21212121212121213,0.4782608695652174,0.5617433414043583,0.3374233128834356,0.42857142857142855,0.46153846153846156,0.07042253521126761,0.08982035928143713,0.16607773851590105,0.5208333333333334,0.16129032258064516
GTEX-131YS-2226-SM-5P9G8,GTEX-131YS,0.5229357798165137,0.6941176470588235,0.0196078431372549,0.4418604651162791,0.3103448275862069,0.7037037037037037,0.7105263157894737,0.559322033898305,0.810126582278481,0.9484848484848485,0.155893536121673,0.8076923076923077,0.8285714285714286,0.0847457627118644,0.18048780487804877,0.34983498349834985,0.42363877822045154,0.37254901960784315
GTEX-131YS-2326-SM-5IJFJ,GTEX-131YS,0.8735632183908046,0.8571428571428571,0.07042253521126761,0.4438860971524288,0.4090909090909091,0.7941176470588235,0.7540983606557377,0.7945205479452054,0.8776595744680851,0.9717391304347827,0.14215686274509803,0.825,0.8636363636363636,0.05263157894736842,0.27384615384615385,0.35893648449039883,0.47107438016528924,0.13580246913580246
GTEX-131YS-2426-SM-5J2OD,GTEX-131YS,0.9107142857142857,0.5,0.12159709618874773,0.43174603174603177,0.5,0.7619047619047619,0.34782608695652173,0.7606837606837606,0.5792079207920792,0.8691588785046729,0.11267605633802817,0.6666666666666666,0.56,0.07142857142857142,0.39903846153846156,0.6266666666666667,0.4303030303030303,0.5121951219512195
GTEX-131YS-2826-SM-5EQ47,GTEX-131YS,0.9176470588235294,0.178743961352657,0.19093851132686085,0.8452787258248009,0.08108108108108109,0.7619047619047619,0.35269709543568467,0.2926829268292683,0.38762214983713356,0.4619883040935672,0.15789473684210525,0.4576271186440678,0.13636363636363635,0.037037037037037035,0.46923076923076923,0.26666666666666666,0.44,0.35384615384615387
GTEX-131YS-2926-SM-5EGKI,GTEX-131YS,0.6692913385826772,0.8823529411764706,0.016574585635359115,0.39076923076923076,0.725,0.8994974874371859,0.8541666666666666,0.8850574712643678,0.9290780141843972,0.9417721518987342,0.2033898305084746,0.8611111111111112,0.9411764705882353,0.2608695652173913,0.9031499764927128,0.3898305084745763,0.6811594202898551,0.8412698412698413
GTEX-131YS-3026-SM-5EGHY,GTEX-131YS,0.9588839941262849,0.12949640287769784,0.7305699481865285,0.9845201238390093,0.9,0.10526315789473684,0.9696969696969697,0.9847991313789359,0.059961315280464215,0.44654088050314467,0.9777777777777777,0.07894736842105263,0.9512195121951219,0.17647058823529413,0.09523809523809523,0.9985632183908046,0.08641975308641975,0.8378378378378378
GTEX-131YS-3126-SM-5KLYT,GTEX-131YS,0.625,0.3010752688172043,0.2508361204013378,0.97911227154047,0.7777777777777778,0.07692307692307693,1.0,0.9504132231404959,0.15853658536585366,0.3302611367127496,0.963076923076923,0.2,1.0,0.0,0.1875,0.9882697947214076,0.07692307692307693,0.4666666666666667
GTEX-131YS-3226-SM-5IFGV,GTEX-131YS,0.8823529411764706,0.06976744186046512,0.8956521739130435,0.9712070874861573,0.1111111111111111,0.0,0.6708860759493671,0.3103448275862069,0.04294478527607362,0.1265164644714038,0.2222222222222222,0.3877551020408163,0.7857142857142857,0.05263157894736842,0.04895104895104895,0.9616204690831557,0.05263157894736842,0.42857142857142855
GTEX-13G51-0005-SM-5N9EP,GTEX-13G51,0.0,0.0,0.8545454545454545,0.9463087248322147,0.0,0.0,0.4666666666666667,0.0,0.019736842105263157,0.0364963503649635,0.5851063829787234,0.22388059701492538,0.05263157894736842,0.14754098360655737,0.3333333333333333,0.5827814569536424,0.0,1.0
GTEX-13G51-0011-R10b-SM-5LZYF,GTEX-13G51,0.7808219178082192,0.3730407523510972,0.1328125,0.9734395750332006,0.8536585365853658,0.07692307692307693,0.9384615384615385,0.9676674364896074,0.2825112107623318,0.45045045045045046,0.9620253164556962,0.13793103448275862,0.7142857142857143,0.0,0.09375,0.9871244635193133,0.1724137931034483,0.7419354838709677
GTEX-13G51-0011-R11b-SM-5J2NE,GTEX-13G51,0.9131944444444444,0.17407407407407408,0.8321678321678322,0.9980842911877394,0.8571428571428571,0.15789473684210525,1.0,0.9917298414886285,0.04611923509561305,0.4860813704496788,0.9865319865319865,0.30303030303030304,1.0,0.0379746835443038,0.1724137931034483,0.9952352590827874,0.11864406779661017,0.8947368421052632
GTEX-13G51-0011-R1a-SM-5LZYR,GTEX-13G51,0.37254901960784315,0.36312849162011174,0.17081260364842454,0.9583911234396671,0.7272727272727273,0.18571428571428572,0.9016393442622951,0.45454545454545453,0.3026315789473684,0.28646748681898065,0.8974358974358975,0.28205128205128205,0.8571428571428571,0.02857142857142857,0.10909090909090909,0.9858156028368794,0.7333333333333333,0.6774193548387096
GTEX-13G51-0011-R2b-SM-5LZXS,GTEX-13G51,0.20930232558139536,0.5789473684210527,0.11,0.9517426273458445,0.8666666666666667,0.21739130434782608,0.8823529411764706,0.36,0.4588235294117647,0.4223968565815324,0.8125,0.07692307692307693,0.5652173913043478,0.12,0.22330097087378642,0.9611111111111111,0.7073170731707317,0.7647058823529411
GTEX-13G51-0011-R5a-SM-5L3EB,GTEX-13G51,0.41304347826086957,0.29064039408866993,0.22279792746113988,0.9704641350210971,0.7272727272727273,0.09090909090909091,0.9444444444444444,0.9439775910364145,0.2709030100334448,0.1407942238267148,0.8865979381443299,0.3333333333333333,1.0,0.13513513513513514,0.07692307692307693,0.9966887417218543,0.14285714285714285,0.7446808510638298
GTEX-13G51-0011-R6b-SM-5LZX4,GTEX-13G51,0.39622641509433965,0.25217391304347825,0.22302158273381295,0.9602484472049689,0.8947368421052632,0.12643678160919541,1.0,0.90625,0.42105263157894735,0.24535315985130113,1.0,0.3103448275862069,0.8571428571428571,0.14285714285714285,0.10714285714285714,0.9850523168908819,0.36,0.68
GTEX-13G51-0011-R7b-SM-5LZXG,GTEX-13G51,0.5873015873015873,0.45098039215686275,0.1728395061728395,0.9535962877030162,0.9375,0.1891891891891892,0.9375,0.9574468085106383,0.33884297520661155,0.24261874197689345,0.9534883720930233,0.3333333333333333,1.0,0.05263157894736842,0.0958904109589041,0.9777777777777777,0.3103448275862069,0.75
GTEX-13G51-0011-R8b-SM-5LZZ4,GTEX-13G51,0.5697211155378487,0.12333736396614269,0.30823529411764705,0.9556907037358818,0.6842105263157895,0.1116816431322208,0.9282511210762332,0.41346153846153844,0.23650528658875905,0.3599504797276385,0.9173871277617676,0.11724137931034483,0.8148148148148148,0.08759124087591241,0.18194640338504936,0.9873604948231814,0.13793103448275862,0.5280898876404494
GTEX-13G51-0426-SM-5K7Z5,GTEX-13G51,0.375,0.46236559139784944,0.21428571428571427,0.3926940639269406,0.2545454545454545,0.9438202247191011,0.5672131147540984,0.23529411764705882,0.5497076023391813,0.5975,0.32608695652173914,0.42857142857142855,0.23076923076923078,0.2727272727272727,0.30453108535300316,0.38782051282051283,0.30434782608695654,0.7
GTEX-13G51-0526-SM-5IJCQ,GTEX-13G51,0.6231884057971014,0.6153846153846154,0.05014749262536873,0.4597839135654262,0.4,0.6774193548387096,0.7666666666666667,0.3958333333333333,0.7697368421052632,0.9484702093397746,0.1917808219178082,0.6,0.6829268292682927,0.3333333333333333,0.08849557522123894,0.5631067961165048,0.6625766871165644,0.7209302325581395
GTEX-13G51-0926-SM-5IFFU,GTEX-13G51,0.9204545454545454,0.2857142857142857,0.2606060606060606,0.9178356713426854,0.09803921568627451,0.8461538461538461,0.2483221476510067,0.44680851063829785,0.14,0.4966442953020134,0.13740458015267176,0.42857142857142855,0.2835820895522388,0.17647058823529413,0.520891364902507,0.3094170403587444,0.26881720430107525,0.3888888888888889
GTEX-13G51-1026-SM-5K7YQ,GTEX-13G51,0.6766467065868264,0.9090909090909091,0.010869565217391304,0.4767772511848341,0.6363636363636364,0.8269230769230769,0.8518518518518519,0.7555555555555555,0.8955823293172691,0.9363484087102177,0.14492753623188406,1.0,0.8235294117647058,0.8947368421052632,0.8445475638051044,0.49575070821529743,0.37142857142857144,0.8085106382978723
GTEX-13G51-1226-SM-5K7Z3,GTEX-13G51,0.8382352941176471,0.6140350877192983,0.4014084507042254,0.8022690437601296,0.32,0.8333333333333334,0.44954128440366975,0.4716981132075472,0.21489001692047377,0.5241935483870968,0.11842105263157894,0.2631578947368421,0.639344262295082,0.5714285714285714,0.2868632707774799,0.5354523227383863,0.10144927536231885,0.3939393939393939
GTEX-13G51-1826-SM-5KLZH,GTEX-13G51,0.9705882352941176,0.0410958904109589,0.484375,0.9586206896551724,0.07246376811594203,0.4782608695652174,0.11357340720221606,0.2857142857142857,0.23809523809523808,0.29863013698630136,0.04040404040404041,0.43209876543209874,0.012987012987012988,0.013333333333333334,0.25139664804469275,0.17995444191343962,0.047619047619047616,0.2777777777777778
GTEX-13G51-2126-SM-5IJD9,GTEX-13G51,0.8641975308641975,0.8461538461538461,0.011111111111111112,0.49122807017543857,0.7777777777777778,0.8979591836734694,0.937984496124031,0.8666666666666667,0.8970588235294118,0.9003476245654692,0.12025316455696203,0.8153846153846154,0.7391304347826086,0.75,0.9314091680814941,0.3071593533487298,0.6417910447761194,0.9666666666666667
GTEX-13G51-2326-SM-5LZXV,GTEX-13G51,0.8297872340425532,0.3684210526315789,0.0821917808219178,0.5310344827586206,0.3076923076923077,0.8823529411764706,0.8,0.7428571428571429,0.6415770609318996,0.9332023575638507,0.1,0.875,0.5675675675675675,0.4666666666666667,0.3790849673202614,0.2099644128113879,0.8181818181818182,0.6666666666666666
GTEX-13G51-2426-SM-5LZY8,GTEX-13G51,0.9731543624161074,0.07586206896551724,0.5838926174496645,0.9158878504672897,0.1794871794871795,0.7777777777777778,0.23170731707317074,0.20754716981132076,0.16363636363636364,0.4368932038834951,0.11627906976744186,0.23529411764705882,0.2857142857142857,0.037037037037037035,0.23308270676691728,0.2616822429906542,0.17391304347826086,0.09473684210526316
GTEX-13G51-2526-SM-5LZYK,GTEX-13G51,0.9609375,0.12280701754385964,0.296969696969697,0.8505096262740657,0.16483516483516483,0.5,0.2334293948126801,0.391304347826087,0.36885245901639346,0.45708582834331335,0.12547528517110265,0.43157894736842106,0.225,0.07142857142857142,0.19732441471571907,0.16640746500777606,0.3142857142857143,0.3090909090909091
GTEX-13G51-2626-SM-5LZYW,GTEX-13G51,0.7213114754098361,0.5342465753424658,0.02074688796680498,0.3518312985571587,0.6129032258064516,0.8360655737704918,0.7551020408163265,0.7171717171717171,0.7611940298507462,0.900131406044678,0.137546468401487,0.8,0.6888888888888889,0.27906976744186046,0.16733601070950468,0.565410199556541,0.627906976744186,0.6097560975609756
GTEX-13G51-2726-SM-5LZZ9,GTEX-13G51,0.9693877551020408,0.8666666666666667,0.05555555555555555,0.0041946308724832215,0.9047619047619048,0.9886363636363636,1.0,0.7647058823529411,0.959731543624161,0.9600798403193613,0.745928338762215,0.9726027397260274,1.0,0.9047619047619048,0.7192982456140351,0.4567901234567901,0.9900990099009901,0.9223300970873787
GTEX-13G51-2826-SM-5LZWV,GTEX-13G51,0.5862068965517241,0.8604651162790697,0.017828200972447326,0.3034379671150972,0.7380952380952381,0.6770833333333334,0.9097744360902256,0.3763440860215054,0.8590308370044053,0.6791248860528715,0.27722772277227725,0.8387096774193549,0.7741935483870968,0.38666666666666666,0.4568744662681469,0.7604166666666666,0.8064516129032258,0.9352750809061489
GTEX-13G51-2926-SM-5IJDL,GTEX-13G51,0.8784530386740331,0.808,0.0,0.34575569358178054,0.5111111111111111,0.8698347107438017,0.9365079365079365,0.8809523809523809,0.8943894389438944,0.9271970878835153,0.10933333333333334,0.9154929577464789,0.8350515463917526,0.6767676767676768,0.8434903047091413,0.21058688147295743,0.391304347826087,0.8552036199095022
GTEX-13G51-3026-SM-5IJB8,GTEX-13G51,0.5686274509803921,0.5307262569832403,0.09357798165137615,0.9233128834355828,0.8490566037735849,0.13043478260869565,0.8983050847457628,0.7611940298507462,0.3417085427135678,0.3745271122320303,0.9401197604790419,0.23404255319148937,0.8918918918918919,0.32142857142857145,0.19402985074626866,0.9906976744186047,0.8421052631578947,0.7446808510638298
GTEX-13G51-3126-SM-5IJG7,GTEX-13G51,0.9535353535353536,0.2,0.7518796992481203,0.9893899204244032,0.7391304347826086,0.1320754716981132,1.0,0.9876335019673974,0.06983655274888559,0.4331395348837209,0.9904076738609112,0.31666666666666665,0.9512195121951219,0.06172839506172839,0.09859154929577464,0.9961482908040443,0.09090909090909091,0.8947368421052632
GTEX-13G51-3226-SM-5IFG7,GTEX-13G51,0.8148148148148148,0.20833333333333334,0.5419847328244275,0.9476896251089799,0.23076923076923078,0.6,0.6862745098039216,0.5,0.1252336448598131,0.18494271685761046,0.15083798882681565,0.5609756097560976,0.5384615384615384,0.15789473684210525,0.08571428571428572,0.857566765578635,0.16417910447761194,0.23809523809523808
GTEX-13NYB-0011-R10a-SM-5KM43,GTEX-13NYB,0.543859649122807,0.27884615384615385,0.22007722007722008,0.9747048903878583,0.6470588235294118,0.09333333333333334,1.0,0.8657243816254417,0.21568627450980393,0.4462934947049924,0.9483870967741935,0.12195121951219512,1.0,0.2903225806451613,0.13432835820895522,0.9856527977044476,0.08571428571428572,0.6410256410256411
GTEX-13NYB-0011-R11a-SM-5KM3Q,GTEX-13NYB,0.978021978021978,0.12863070539419086,0.87248322147651,0.9803600654664485,0.7551020408163265,0.1,1.0,0.989423076923077,0.05504587155963303,0.48148148148148145,0.9748953974895398,0.26865671641791045,1.0,0.15789473684210525,0.08163265306122448,0.9988706945228685,0.11627906976744186,0.7297297297297297
GTEX-13NYB-0011-R1b-SM-5KM4F,GTEX-13NYB,0.3142857142857143,0.36363636363636365,0.22388059701492538,0.9638989169675091,0.8285714285714286,0.12121212121212122,0.875,0.8974358974358975,0.2911392405063291,0.3531746031746032,0.9259259259259259,0.28,0.3333333333333333,0.14285714285714285,0.2727272727272727,0.9533527696793003,0.5454545454545454,0.5121951219512195
GTEX-13NYB-0011-R2a-SM-5MR3C,GTEX-13NYB,0.20754716981132076,0.8245614035087719,0.056,0.8943089430894309,0.8059701492537313,0.12442396313364056,0.8666666666666667,0.10638297872340426,0.3076923076923077,0.4867052023121387,0.6949152542372882,0.2857142857142857,0.6764705882352942,0.375,0.13095238095238096,0.9408033826638478,0.9591836734693877,0.7142857142857143
GTEX-13NYB-0011-R5a-SM-5MR45,GTEX-13NYB,0.30303030303030304,0.4222222222222222,0.11570247933884298,0.916247906197655,0.782608695652174,0.2,0.8823529411764706,0.7049180327868853,0.4788732394366197,0.3419811320754717,0.9868421052631579,0.17647058823529413,1.0,0.2,0.09523809523809523,0.9727272727272728,0.6923076923076923,0.6666666666666666
GTEX-13NYB-0011-R6b-SM-5MR51,GTEX-13NYB,0.38596491228070173,0.3048780487804878,0.16610169491525423,0.9574036511156186,0.8181818181818182,0.10227272727272728,0.9411764705882353,0.8483412322274881,0.3754646840148699,0.2106951871657754,0.9234449760765551,0.21311475409836064,0.6,0.1724137931034483,0.15942028985507245,0.9810725552050473,0.42105263157894735,0.803921568627451
GTEX-13NYB-0011-R7a-SM-5MR5D,GTEX-13NYB,0.2631578947368421,0.4105263157894737,0.11165048543689321,0.9221052631578948,0.9393939393939394,0.125,1.0,0.7083333333333334,0.578544061302682,0.402187120291616,0.9578947368421052,0.2413793103448276,0.8823529411764706,0.15384615384615385,0.19760479041916168,0.9424083769633508,0.37142857142857144,0.8636363636363636
GTEX-13NYB-0011-R8a-SM-5KM4R,GTEX-13NYB,0.5531914893617021,0.0898876404494382,0.375609756097561,0.9684601113172542,0.9393939393939394,0.075,0.8571428571428571,0.3125,0.20300751879699247,0.46367239101717306,0.9591836734693877,0.12903225806451613,0.8378378378378378,0.19148936170212766,0.29411764705882354,0.9897645854657113,0.16363636363636364,0.8775510204081632
GTEX-13NYB-0011-R9b-SM-5MR5P,GTEX-13NYB,0.7407407407407407,0.5897435897435898,0.13513513513513514,0.86608442503639,0.9215686274509803,0.20987654320987653,0.8181818181818182,0.8294573643410853,0.3581395348837209,0.5752508361204013,0.8846153846153846,0.2857142857142857,0.8571428571428571,0.47368421052631576,0.2231404958677686,0.9357277882797732,0.8571428571428571,0.5384615384615384
GTEX-13NYB-0126-SM-5J1MD,GTEX-13NYB,0.9487179487179487,0.11764705882352941,0.2602739726027397,0.9045346062052506,0.03896103896103896,0.3333333333333333,0.0893854748603352,0.23529411764705882,0.34415584415584416,0.40816326530612246,0.09505703422053231,0.3728813559322034,0.04672897196261682,0.13513513513513514,0.1044776119402985,0.20913884007029876,0.5294117647058824,0.11926605504587157
GTEX-13NYB-0226-SM-5N9G4,GTEX-13NYB,0.5,0.45454545454545453,0.0,0.30049261083743845,0.75,0.3333333333333333,0.75,0.3333333333333333,0.8983050847457628,0.9621212121212122,0.2777777777777778,1.0,1.0,0.25,0.4473684210526316,0.5443037974683544,0.75,0.6363636363636364
GTEX-13NYB-0326-SM-5IJDP,GTEX-13NYB,0.30120481927710846,0.717948717948718,0.014814814814814815,0.037607612143180785,0.6949152542372882,0.9655172413793104,0.6097560975609756,0.38461538461538464,0.8497109826589595,0.940251572327044,0.5483870967741935,0.8181818181818182,0.40540540540540543,0.7560975609756098,0.391812865497076,0.5915492957746479,0.8159509202453987,0.7878787878787878
GTEX-13NYB-0426-SM-5IJDD,GTEX-13NYB,0.9037433155080213,0.8556701030927835,0.0045871559633027525,0.2222222222222222,0.6842105263157895,0.8823529411764706,0.627906976744186,0.8153846153846154,0.9171597633136095,0.9823399558498896,0.1079136690647482,0.9333333333333333,0.7777777777777778,0.967741935483871,0.7734919983586377,0.32894736842105265,0.7368421052631579,0.6641221374045801
GTEX-13NYB-0626-SM-5MR47,GTEX-13NYB,0.7122302158273381,0.5151515151515151,0.21354166666666666,0.33650416171224734,0.10144927536231885,0.9365079365079365,0.6666666666666666,0.1650485436893204,0.3794266441821248,0.7408077154912598,0.25,0.3953488372093023,0.1956521739130435,0.47540983606557374,0.4515539305301645,0.4706994328922495,0.16666666666666666,0.7391304347826086
GTEX-13NYB-0726-SM-5MR4J,GTEX-13NYB,0.8715596330275229,0.3181818181818182,0.3292433537832311,0.8146167557932263,0.2108843537414966,0.7272727272727273,0.24607329842931938,0.12195121951219512,0.16295025728987994,0.645895153313551,0.18811881188118812,0.2608695652173913,0.25,0.11864406779661017,0.1059190031152648,0.4780952380952381,0.27450980392156865,0.45454545454545453
GTEX-13NYB-0826-SM-5MR4V,GTEX-13NYB,0.7842323651452282,0.7735849056603774,0.006578947368421052,0.4200426439232409,0.5925925925925926,0.8829268292682927,0.7525773195876289,0.7475728155339806,0.8354430379746836,0.911738746690203,0.14427860696517414,0.864406779661017,0.5833333333333334,0.9375,0.8329882677708764,0.5583864118895966,0.39285714285714285,0.9047619047619048
GTEX-13NYB-0926-SM-5IFFA,GTEX-13NYB,0.7276995305164319,0.057692307692307696,0.34545454545454546,0.828352490421456,0.0136986301369863,0.92,0.13486842105263158,0.0196078431372549,0.043076923076923075,0.2755905511811024,0.10655737704918032,0.1,0.05405405405405406,0.1111111111111111,0.17757009345794392,0.1705263157894737,0.047058823529411764,0.0
GTEX-13NYB-1026-SM-5IFH3,GTEX-13NYB,0.968944099378882,0.6,0.08695652173913043,0.9695087521174478,0.1111111111111111,1.0,0.3333333333333333,0.06666666666666667,0.13432835820895522,0.964824120603015,0.10344827586206896,0.0,,0.16279069767441862,0.061224489795918366,0.23404255319148937,0.25,0.28205128205128205
GTEX-13NYB-1326-SM-5K7Y1,GTEX-13NYB,0.5877862595419847,0.696969696969697,0.003278688524590164,0.4711729622266402,0.6785714285714286,0.8142076502732241,0.6435643564356436,0.6455696202531646,0.8155339805825242,0.9158751696065129,0.25217391304347825,0.72,0.7142857142857143,0.8688524590163934,0.7560975609756098,0.5959079283887468,0.3137254901960784,0.8217821782178217
GTEX-13NYB-1726-SM-5N9G2,GTEX-13NYB,0.624633431085044,0.2982456140350877,0.6239600665557404,0.9742751253542621,0.18181818181818182,0.5,0.42424242424242425,0.1282051282051282,0.34523809523809523,0.7294332723948812,0.21739130434782608,0.15151515151515152,0.3684210526315789,0.11827956989247312,0.06823529411764706,0.296398891966759,0.3333333333333333,0.0
GTEX-13NYB-1826-SM-5J1N3,GTEX-13NYB,0.7906976744186046,0.7446808510638298,0.03194103194103194,0.4163649529326575,0.5454545454545454,0.7611940298507462,0.7910447761194029,0.76,0.8760563380281691,0.9308176100628931,0.285140562248996,0.8095238095238095,0.5789473684210527,0.8285714285714286,0.6977687626774848,0.610738255033557,0.3877551020408163,0.7902097902097902
GTEX-13NYB-2226-SM-5MR58,GTEX-13NYB,0.1891891891891892,0.1746031746031746,0.4965986394557823,0.8727272727272727,0.027463651050080775,0.37777777777777777,0.9338842975206612,0.5,0.12345679012345678,0.20474137931034483,0.7401574803149606,0.21951219512195122,0.1024390243902439,0.060109289617486336,0.20179372197309417,0.4319880418535127,0.4936708860759494,0.21951219512195122
GTEX-13NYB-2426-SM-5IFF4,GTEX-13NYB,0.9583333333333334,0.09090909090909091,0.47572815533980584,0.9131944444444444,0.09523809523809523,0.8,0.23333333333333334,0.07042253521126761,0.14859437751004015,0.39325842696629215,0.11666666666666667,0.3333333333333333,0.15555555555555556,0.15151515151515152,0.35766423357664234,0.2558139534883721,0.02702702702702703,0.09803921568627451
GTEX-13NYB-2526-SM-5K7Z6,GTEX-13NYB,0.9295774647887324,0.09278350515463918,0.4146341463414634,0.8972972972972973,0.024390243902439025,0.8181818181818182,0.1337579617834395,0.2,0.305019305019305,0.3216374269005848,0.0847457627118644,0.5443037974683544,0.0,0.16666666666666666,0.26126126126126126,0.15748031496062992,0.0,0.1836734693877551
GTEX-13NYB-2726-SM-5J2MT,GTEX-13NYB,1.0,0.8048780487804879,0.0,0.006272697259821723,0.9487179487179487,0.979381443298969,0.7777777777777778,0.9285714285714286,0.9274193548387096,0.9683794466403162,0.7415730337078652,0.98,0.375,1.0,0.5106382978723404,0.5405405405405406,0.950920245398773,0.9647577092511013
GTEX-13NYB-2926-SM-5K7VH,GTEX-13NYB,0.7174515235457064,0.8861788617886179,0.03355704697986577,0.35575942915392456,0.75,0.8885172798216276,0.8811881188118812,0.8412698412698413,0.9066666666666666,0.9576470588235294,0.0970873786407767,0.9595959595959596,0.5918367346938775,0.9030303030303031,0.8496583143507973,0.13687600644122383,0.44891640866873067,0.7803468208092486
GTEX-13NYB-3026-SM-5IJD7,GTEX-13NYB,0.7362637362637363,0.2345679012345679,0.23618090452261306,0.9670542635658915,0.7073170731707317,0.1044776119402985,1.0,0.9139784946236559,0.26136363636363635,0.3563714902807775,0.9824561403508771,0.1891891891891892,1.0,0.25,0.2,0.9855421686746988,0.5625,0.5882352941176471
GTEX-13NYB-3226-SM-5J2ND,GTEX-13NYB,0.966626936829559,0.13966480446927373,0.9133858267716536,0.9890510948905109,0.42857142857142855,0.0,1.0,0.9855892949047864,0.043478260869565216,0.4624145785876993,0.956989247311828,0.2366412213740458,1.0,0.18518518518518517,0.2222222222222222,0.9988151658767772,0.24444444444444444,0.9
GTEX-13O3O-0011-R10a-SM-5LUA9,GTEX-13O3O,0.4883720930232558,0.2708333333333333,0.36363636363636365,0.9732142857142857,0.5384615384615384,0.0,1.0,0.9819004524886877,0.21577726218097448,0.27154471544715447,0.9661016949152542,0.5,0.9166666666666666,0.02564102564102564,0.21739130434782608,0.9843505477308294,0.16666666666666666,0.6666666666666666
GTEX-13O3O-0011-R11b-SM-5KM4G,GTEX-13O3O,0.9448529411764706,0.18098159509202455,0.8409090909090909,0.9744897959183674,0.7333333333333333,0.0,0.9722222222222222,0.994729907773386,0.04923599320882852,0.4660633484162896,0.9611650485436893,0.23711340206185566,0.8918918918918919,0.10714285714285714,0.18181818181818182,0.9952690715552928,0.03225806451612903,0.5909090909090909
GTEX-13O3O-0011-R1b-SM-5KM2K,GTEX-13O3O,0.45454545454545453,0.10714285714285714,0.32571428571428573,0.9767171129220024,0.803921568627451,0.16666666666666666,1.0,0.8,0.15151515151515152,0.1859557867360208,0.921146953405018,0.09090909090909091,1.0,0.1111111111111111,0.03225806451612903,0.9938176197836167,0.2972972972972973,0.75
GTEX-13O3O-0011-R2b-SM-5P9H1,GTEX-13O3O,0.18666666666666668,0.7681159420289855,0.18791946308724833,0.9307535641547862,0.7619047619047619,0.2903225806451613,0.96,0.22580645161290322,0.5114503816793893,0.3621755253399258,0.9253731343283582,0.2,0.8,0.3142857142857143,0.07784431137724551,0.9277566539923955,0.673469387755102,0.8297872340425532
GTEX-13O3O-0011-R3b-SM-5KM3R,GTEX-13O3O,0.49295774647887325,0.3333333333333333,0.2883895131086142,0.953757225433526,0.9,0.3114754098360656,0.9411764705882353,0.9205298013245033,0.2714285714285714,0.21042830540037244,0.9597989949748744,0.12,0.45454545454545453,0.0,0.21951219512195122,0.9798850574712644,0.0,0.7407407407407407
GTEX-13O3O-0011-R4b-SM-5KM3F,GTEX-13O3O,0.21951219512195122,0.22448979591836735,0.21264367816091953,0.9370786516853933,0.9,0.4117647058823529,1.0,0.9175257731958762,0.3744493392070485,0.2342007434944238,0.9468085106382979,0.19047619047619047,0.6666666666666666,0.2631578947368421,0.10112359550561797,0.9914893617021276,0.2777777777777778,0.6862745098039216
GTEX-13O3O-0011-R5b-SM-5KM44,GTEX-13O3O,0.36585365853658536,0.4125,0.14454277286135694,0.9552880481513327,0.8974358974358975,0.1717171717171717,1.0,0.98,0.3617021276595745,0.2394736842105263,0.9130434782608695,0.14285714285714285,0.7272727272727273,0.2903225806451613,0.10743801652892562,0.985632183908046,0.23893805309734514,0.6078431372549019
GTEX-13O3O-0011-R6b-SM-5P9GY,GTEX-13O3O,0.37748344370860926,0.2222222222222222,0.25333333333333335,0.9597411933860532,0.6129032258064516,0.18787878787878787,0.9622641509433962,0.9436619718309859,0.39086294416243655,0.1542056074766355,0.9464882943143813,0.3023255813953488,0.7058823529411765,0.2,0.14606741573033707,0.9726775956284153,0.10638297872340426,0.6842105263157895
GTEX-13O3O-0011-R7b-SM-5P9GZ,GTEX-13O3O,0.16129032258064516,0.5094339622641509,0.13993174061433447,0.9451219512195121,0.75,0.14285714285714285,1.0,0.9340659340659341,0.5036144578313253,0.25733634311512416,0.927461139896373,0.21052631578947367,0.9166666666666666,0.2558139534883721,0.14838709677419354,0.9704433497536946,0.4603174603174603,0.7142857142857143
GTEX-13O3O-0011-R8b-SM-5LUAL,GTEX-13O3O,0.375,0.5087719298245614,0.2206896551724138,0.9113924050632911,0.45454545454545453,0.17525773195876287,0.875,0.6363636363636364,0.31076923076923074,0.3081081081081081,0.8608695652173913,0.21739130434782608,0.7142857142857143,0.11764705882352941,0.3972602739726027,0.983640081799591,0.5172413793103449,0.5555555555555556
GTEX-13O3O-0326-SM-5K7W2,GTEX-13O3O,0.3492063492063492,0.7052631578947368,0.030156815440289506,0.41655716162943496,0.6867469879518072,0.7071823204419889,0.9715639810426541,0.3333333333333333,0.813953488372093,0.5193482688391039,0.3811659192825112,0.7108433734939759,0.813953488372093,0.49206349206349204,0.09259259259259259,0.8395815170008718,0.8723404255319149,0.9404761904761905
GTEX-13O3O-0426-SM-5KM2Y,GTEX-13O3O,0.6963788300835655,0.8375,0.017341040462427744,0.3258426966292135,0.6212121212121212,0.8961267605633803,0.9179487179487179,0.9386503067484663,0.86,0.924317617866005,0.04938271604938271,0.9342105263157895,0.7037037037037037,0.8113207547169812,0.9138813610358326,0.16784869976359337,0.37404580152671757,0.8208955223880597
GTEX-13O3O-0526-SM-5J1NL,GTEX-13O3O,0.948936170212766,1.0,0.02564102564102564,0.023063276167947958,0.9885057471264368,0.9720558882235529,1.0,0.5238095238095238,0.9330143540669856,0.949748743718593,0.7275641025641025,0.9844961240310077,0.5555555555555556,0.9701492537313433,0.6243093922651933,0.38095238095238093,0.9856115107913669,0.9939024390243902
GTEX-13O3O-0726-SM-5J1N7,GTEX-13O3O,0.6271186440677966,0.21428571428571427,0.5638297872340425,0.4935400516795866,0.09090909090909091,0.9593908629441624,0.7272727272727273,0.35294117647058826,0.4409221902017291,0.45045045045045046,0.2925170068027211,0.6666666666666666,0.2,0.47368421052631576,0.4437627811860941,0.19696969696969696,0.2,0.5217391304347826
GTEX-13O3O-0826-SM-5K7WE,GTEX-13O3O,0.6312056737588653,0.36363636363636365,0.14556962025316456,0.5090579710144928,0.1590909090909091,0.8494623655913979,0.4805194805194805,0.46534653465346537,0.4988179669030733,0.7563261480787254,0.18614718614718614,0.4411764705882353,0.4020618556701031,0.39325842696629215,0.24621733149931224,0.37714285714285717,0.2835820895522388,0.22772277227722773
GTEX-13O3O-0926-SM-5KM1F,GTEX-13O3O,0.8,0.38461538461538464,0.37748344370860926,0.8055271238485159,0.14285714285714285,1.0,0.5752212389380531,0.28125,0.20146520146520147,0.39663461538461536,0.11764705882352941,0.6,0.5636363636363636,0.2413793103448276,0.3485342019543974,0.23699421965317918,0.0784313725490196,0.35294117647058826
GTEX-13O3O-1126-SM-5KM4Q,GTEX-13O3O,0.8401639344262295,0.9145299145299145,0.020833333333333332,0.19672131147540983,0.6271186440677966,0.9250374812593704,0.9545454545454546,0.8053097345132744,0.8672985781990521,0.9611231101511879,0.08387096774193549,0.9,0.8,0.8481012658227848,0.8823012736056214,0.12854030501089325,0.35802469135802467,0.7213114754098361
GTEX-13O3O-1426-SM-5KM2S,GTEX-13O3O,0.16666666666666666,0.7735849056603774,0.036734693877551024,0.04066985645933014,0.7192982456140351,0.8873239436619719,0.8666666666666667,0.5416666666666666,0.8992443324937027,0.8913043478260869,0.5733333333333334,0.8235294117647058,0.4838709677419355,0.7931034482758621,0.47058823529411764,0.45017182130584193,0.7043478260869566,0.6551724137931034
GTEX-13O3O-1526-SM-5KM1C,GTEX-13O3O,0.3958333333333333,0.8,0.043478260869565216,0.006853226727584237,1.0,1.0,0.6923076923076923,0.7777777777777778,0.9065934065934066,0.975,0.8230088495575221,0.9310344827586207,1.0,0.9024390243902439,0.7735849056603774,0.5572519083969466,0.9779005524861878,0.84
GTEX-13O3O-1626-SM-5KM1O,GTEX-13O3O,0.23076923076923078,0.14285714285714285,0.21739130434782608,0.9595959595959596,0.0,1.0,1.0,0.17647058823529413,0.3282442748091603,0.33126934984520123,0.3153153153153153,0.16666666666666666,0.5384615384615384,0.3,0.660377358490566,0.1044776119402985,0.13924050632911392,0.1282051282051282
GTEX-13O3O-1826-SM-5IFGW,GTEX-13O3O,0.9629629629629629,,0.7142857142857143,0.9732785200411099,0.0,0.8181818181818182,0.3333333333333333,0.08333333333333333,0.12056737588652482,0.8753541076487252,0.10891089108910891,0.42857142857142855,0.3333333333333333,0.3333333333333333,0.2682926829268293,0.08695652173913043,0.0,0.3333333333333333
GTEX-13O3O-2326-SM-5IJD6,GTEX-13O3O,0.8617886178861789,0.1111111111111111,0.3862815884476534,0.8855098389982111,0.07272727272727272,0.8214285714285714,0.25176470588235295,0.52,0.28901734104046245,0.35092348284960423,0.08679245283018867,0.5319148936170213,0.11627906976744186,0.21311475409836064,0.3832599118942731,0.31746031746031744,0.17073170731707318,0.2463768115942029
GTEX-13O3O-2526-SM-5L3DR,GTEX-13O3O,0.6030534351145038,0.7333333333333333,0.07226107226107226,0.4009216589861751,0.3157894736842105,0.7792207792207793,0.9272727272727272,0.4639175257731959,0.5813953488372093,0.8233333333333334,0.2962962962962963,0.8846153846153846,0.5862068965517241,0.6896551724137931,0.6682286785379569,0.47904191616766467,0.5,0.8924731182795699
GTEX-13O3O-2726-SM-5KM35,GTEX-13O3O,0.125,0.6811594202898551,0.06666666666666667,0.48114285714285715,0.3548387096774194,1.0,0.896551724137931,0.4883720930232558,0.778672032193159,0.8440207972270364,0.18771331058020477,0.8305084745762712,1.0,0.5,0.2292358803986711,0.22486772486772486,0.3712984054669704,0.4722222222222222
GTEX-13O3O-3026-SM-5KM42,GTEX-13O3O,0.9354838709677419,0.19902912621359223,0.7803468208092486,0.9850560398505604,0.6521739130434783,0.03614457831325301,0.972972972972973,0.9896103896103896,0.08918406072106262,0.358974358974359,0.9829787234042553,0.25842696629213485,0.95,0.10526315789473684,0.2857142857142857,0.9949968730456535,0.02564102564102564,0.7777777777777778
GTEX-13O3O-3126-SM-5KM3H,GTEX-13O3O,0.5,0.23076923076923078,0.20945945945945946,0.9708826205641492,0.8,0.23809523809523808,1.0,0.9593220338983051,0.2558139534883721,0.3927893738140417,0.9615384615384616,0.15384615384615385,1.0,0.13513513513513514,0.08771929824561403,0.9947984395318595,0.19047619047619047,0.8285714285714286
GTEX-13OVJ-0011-R10b-SM-5L3HT,GTEX-13OVJ,0.12903225806451613,0.38219895287958117,0.30297723292469353,0.910371318822023,0.6521739130434783,0.20202020202020202,0.8863636363636364,0.6,0.4885245901639344,0.28761061946902655,0.7087378640776699,0.1111111111111111,0.5,0.0,0.056910569105691054,0.9669172932330827,0.30434782608695654,0.8148148148148148
GTEX-13OVJ-0011-R11a-SM-5P9H8,GTEX-13OVJ,0.917037037037037,0.14736842105263157,0.7755775577557755,0.9580952380952381,0.6756756756756757,0.03296703296703297,0.9775280898876404,0.9892110586648685,0.06097560975609756,0.5176715176715176,0.9389830508474576,0.25,0.8947368421052632,0.07368421052631578,0.07692307692307693,0.9870967741935484,0.037037037037037035,0.8461538461538461
GTEX-13OVJ-0011-R1b-SM-5L3I6,GTEX-13OVJ,0.0967741935483871,0.21008403361344538,0.16292974588938713,0.9297945205479452,0.55,0.14814814814814814,0.9302325581395349,0.5932203389830508,0.48717948717948717,0.24521739130434783,0.7068965517241379,0.23076923076923078,0.3333333333333333,0.16666666666666666,0.08571428571428572,0.9309153713298791,0.7272727272727273,0.627906976744186
GTEX-13OVJ-0011-R2b-SM-5L3GP,GTEX-13OVJ,0.1836734693877551,0.35714285714285715,0.16049382716049382,0.8910994764397906,0.5882352941176471,0.1111111111111111,0.8367346938775511,0.125,0.645021645021645,0.3707865168539326,0.6486486486486487,0.12,0.4782608695652174,0.10344827586206896,0.21428571428571427,0.9144385026737968,0.42857142857142855,0.9
GTEX-13OVJ-0011-R4b-SM-5P9H5,GTEX-13OVJ,0.015873015873015872,0.3213367609254499,0.2380151387720774,0.8841172460804363,0.47368421052631576,0.11173184357541899,0.9272727272727272,0.4074074074074074,0.5813953488372093,0.2827102803738318,0.6666666666666666,0.0625,0.4230769230769231,0.14285714285714285,0.07291666666666667,0.9532780708364732,0.8333333333333334,0.6666666666666666
GTEX-13OVJ-0011-R5a-SM-5P9H7,GTEX-13OVJ,0.03333333333333333,0.42142857142857143,0.1393103448275862,0.8962181178540017,0.5862068965517241,0.16731517509727625,0.8727272727272727,0.3333333333333333,0.6325459317585301,0.38131041890440387,0.6507936507936508,0.1282051282051282,0.5925925925925926,0.1,0.16428571428571428,0.9483726150392817,0.4444444444444444,0.8095238095238095
GTEX-13OVJ-0011-R6b-SM-5L3GH,GTEX-13OVJ,0.2336448598130841,0.3916349809885932,0.19286871961102106,0.9399249061326659,0.7209302325581395,0.1024390243902439,0.9310344827586207,0.5416666666666666,0.525,0.2761904761904762,0.7142857142857143,0.23076923076923078,0.46938775510204084,0.10344827586206896,0.1651376146788991,0.9625935162094763,0.25,0.4594594594594595
GTEX-13OVJ-0011-R7a-SM-5L3G1,GTEX-13OVJ,0.08163265306122448,0.4117647058823529,0.17209302325581396,0.8677462887989204,0.6521739130434783,0.2072072072072072,0.9629629629629629,0.48148148148148145,0.5141955835962145,0.4317817014446228,0.6559139784946236,0.06976744186046512,0.5294117647058824,0.125,0.21839080459770116,0.9286926994906621,0.6551724137931034,0.7192982456140351
GTEX-13OVJ-0011-R8b-SM-5L3FS,GTEX-13OVJ,0.2727272727272727,0.5135135135135135,0.2052980132450331,0.9079159935379645,0.4090909090909091,0.288135593220339,0.8888888888888888,0.4074074074074074,0.4984520123839009,0.4956268221574344,0.6460176991150443,0.18181818181818182,0.48148148148148145,0.1724137931034483,0.16831683168316833,0.8917910447761194,0.47058823529411764,0.5
GTEX-13OVJ-0011-R9b-SM-5L3GD,GTEX-13OVJ,0.4473684210526316,0.37142857142857144,0.2037037037037037,0.8970331588132635,0.8695652173913043,0.22807017543859648,0.9661016949152542,0.5897435897435898,0.33559322033898303,0.46798029556650245,0.7226277372262774,0.25925925925925924,0.7619047619047619,0.2,0.20930232558139536,0.9065693430656935,0.5714285714285714,0.75
GTEX-13OVJ-0126-SM-5KM36,GTEX-13OVJ,0.7111716621253406,0.2222222222222222,0.15422885572139303,0.6437810945273632,0.05785123966942149,0.8863636363636364,0.46938775510204084,0.5342465753424658,0.3008595988538682,0.4578096947935368,0.1383399209486166,0.8032786885245902,0.21818181818181817,0.31343283582089554,0.31733333333333336,0.32142857142857145,0.3114754098360656,0.37037037037037035
GTEX-13OVJ-0226-SM-5L3GK,GTEX-13OVJ,0.9142857142857143,0.9354838709677419,0.14285714285714285,0.017009847806624886,0.9253731343283582,0.9568345323741008,0.9629629629629629,0.6153846153846154,0.8469387755102041,0.8830409356725146,0.7647058823529411,1.0,1.0,0.9076923076923077,0.6521739130434783,0.35294117647058826,1.0,0.93
GTEX-13OVJ-0326-SM-5L3GL,GTEX-13OVJ,0.4117647058823529,0.6923076923076923,0.12,0.4438356164383562,0.23076923076923078,0.8181818181818182,0.7668161434977578,0.4186046511627907,0.5182926829268293,0.8467532467532467,0.1590909090909091,0.7704918032786885,0.559322033898305,0.42105263157894735,0.1608548931383577,0.37745098039215685,0.5636363636363636,0.5555555555555556
GTEX-13OVJ-0426-SM-5L3GX,GTEX-13OVJ,0.25925925925925924,0.813953488372093,0.03485254691689008,0.4076782449725777,0.7142857142857143,0.6218181818181818,0.9047619047619048,0.25925925925925924,0.7718631178707225,0.5341726618705036,0.4603174603174603,0.7037037037037037,0.45454545454545453,0.15151515151515152,0.21481481481481482,0.8549747048903878,0.9,0.9318181818181818
GTEX-13OVJ-0626-SM-5J2O2,GTEX-13OVJ,0.8369565217391305,0.2916666666666667,0.6737160120845922,0.8620689655172413,0.36666666666666664,1.0,0.391812865497076,0.2876712328767123,0.15036496350364964,0.6425339366515838,0.30201342281879195,0.16129032258064516,0.38823529411764707,0.2066115702479339,0.14782608695652175,0.31301939058171746,0.05660377358490566,0.12195121951219512
GTEX-13OVJ-0726-SM-5KM1W,GTEX-13OVJ,0.4666666666666667,0.45454545454545453,0.4032258064516129,0.6614349775784754,0.21052631578947367,0.9032258064516129,0.631578947368421,0.18181818181818182,0.5145118733509235,0.6908625106746371,0.2138728323699422,0.6153846153846154,0.3076923076923077,0.4444444444444444,0.2947976878612717,0.14838709677419354,0.3181818181818182,0.7241379310344828
GTEX-13OVJ-0826-SM-5J1OK,GTEX-13OVJ,0.784,0.11363636363636363,0.22509225092250923,0.7771023302938197,0.13432835820895522,0.9101123595505618,0.4657534246575342,0.3333333333333333,0.3515358361774744,0.4809437386569873,0.09009009009009009,0.7380952380952381,0.16923076923076924,0.2,0.5228758169934641,0.47619047619047616,0.4838709677419355,0.40425531914893614
GTEX-13OVJ-0926-SM-5K7U1,GTEX-13OVJ,0.3229166666666667,0.7078651685393258,0.11299435028248588,0.5611510791366906,0.3,0.65,0.7613168724279835,0.2517985611510791,0.5859872611464968,0.8212058212058212,0.2,0.6078431372549019,0.4067796610169492,0.5454545454545454,0.216,0.384321223709369,0.6363636363636364,0.6875
GTEX-13OVJ-1226-SM-5L3HA,GTEX-13OVJ,0.9733333333333334,0.14285714285714285,0.2636363636363636,0.8865454545454545,0.15,0.8974358974358975,0.2857142857142857,0.2692307692307692,0.3,0.4822888283378747,0.13114754098360656,0.3548387096774194,0.5862068965517241,0.3170731707317073,0.3903345724907063,0.32867132867132864,0.1111111111111111,0.5789473684210527
GTEX-13OVJ-1326-SM-5K7Z9,GTEX-13OVJ,0.52,0.6756756756756757,0.020833333333333332,0.46378378378378377,0.41379310344827586,0.807909604519774,0.8823529411764706,0.7011494252873564,0.8306878306878307,0.9119718309859155,0.21739130434782608,0.7714285714285715,0.631578947368421,0.7272727272727273,0.8512396694214877,0.5076923076923077,0.3333333333333333,0.7634408602150538
GTEX-13OVJ-1426-SM-5K7Z2,GTEX-13OVJ,0.621301775147929,0.6470588235294118,0.023952095808383235,0.45708582834331335,0.5714285714285714,0.8098859315589354,0.7333333333333333,0.6901408450704225,0.8358662613981763,0.9244604316546763,0.2,0.8461538461538461,0.9166666666666666,0.6857142857142857,0.8344226579520697,0.44696969696969696,0.42857142857142855,0.7592592592592593
GTEX-13OVJ-1726-SM-5IJDZ,GTEX-13OVJ,0.7345132743362832,0.352112676056338,0.5074626865671642,0.8635346756152126,0.20634920634920634,0.6521739130434783,0.24663677130044842,0.4074074074074074,0.3049645390070922,0.6612702366127023,0.2920353982300885,0.4146341463414634,0.12121212121212122,0.25,0.22105263157894736,0.325,0.3333333333333333,0.28
GTEX-13OVJ-1826-SM-5KM2D,GTEX-13OVJ,0.6666666666666666,0.7105263157894737,0.021645021645021644,0.3367662203913491,0.5111111111111111,0.8257839721254355,0.8620689655172413,0.6814159292035398,0.8541033434650456,0.936608557844691,0.19298245614035087,0.8333333333333334,0.7254901960784313,0.5263157894736842,0.7117117117117117,0.5053763440860215,0.42857142857142855,0.6484848484848484
GTEX-13OVJ-2326-SM-5IJGA,GTEX-13OVJ,0.8214285714285714,0.8380952380952381,0.036734693877551024,0.29569093610698366,0.30526315789473685,0.8031088082901554,0.5094339622641509,0.7777777777777778,0.8369565217391305,0.9736070381231672,0.17717717717717718,0.751937984496124,0.9047619047619048,0.7164179104477612,0.3100511073253833,0.38735177865612647,0.5,0.24210526315789474
GTEX-13OVJ-2426-SM-5KM3I,GTEX-13OVJ,0.6764705882352942,0.7384615384615385,0.026217228464419477,0.39705882352941174,0.4583333333333333,0.8367346938775511,0.5,0.48333333333333334,0.7305699481865285,0.9049295774647887,0.1978021978021978,0.5686274509803921,0.8666666666666667,0.3333333333333333,0.11361079865016872,0.3674698795180723,0.4107883817427386,0.36666666666666664
GTEX-13OVJ-2626-SM-5IJFT,GTEX-13OVJ,0.9642857142857143,0.04424778761061947,0.9095022624434389,0.975,0.08571428571428572,0.22580645161290322,0.5251798561151079,0.2328767123287671,0.053406998158379376,0.17586649550706032,0.2376237623762376,0.2631578947368421,0.35294117647058826,0.12643678160919541,0.13186813186813187,0.9282218597063622,0.044444444444444446,0.3333333333333333
GTEX-13OVJ-2726-SM-5IJG6,GTEX-13OVJ,0.9485420240137221,0.18122977346278318,0.6333333333333333,0.9246119733924612,0.6470588235294118,0.078125,0.9622641509433962,0.9920948616600791,0.11333333333333333,0.4269005847953216,0.9455782312925171,0.16981132075471697,0.9215686274509803,0.041666666666666664,0.16326530612244897,0.9912280701754386,0.11475409836065574,0.6842105263157895
GTEX-13OVJ-2826-SM-5L3GW,GTEX-13OVJ,0.16981132075471697,0.36416184971098264,0.2065439672801636,0.9195710455764075,0.6153846153846154,0.21153846153846154,0.9411764705882353,0.8227848101265823,0.4069400630914827,0.3292181069958848,0.782312925170068,0.25,0.5263157894736842,0.0,0.14634146341463414,0.9605911330049262,0.3333333333333333,0.5833333333333334
GTEX-13OVL-0006-SM-5O996,GTEX-13OVL,0.12,0.0,0.9235668789808917,0.989010989010989,0.006535947712418301,0.3333333333333333,0.2,0.045454545454545456,0.005813953488372093,0.014925373134328358,0.6391752577319587,0.18181818181818182,0.0967741935483871,0.047619047619047616,0.3333333333333333,0.516245487364621,0.07692307692307693,
GTEX-13OVL-0011-R10a-SM-5L3GS,GTEX-13OVL,0.4807692307692308,0.24395604395604395,0.19732441471571907,0.9557291666666666,0.6888888888888889,0.11827956989247312,1.0,0.91792656587473,0.1482889733840304,0.37857142857142856,0.9776536312849162,0.09090909090909091,0.8260869565217391,0.0625,0.05,0.9865067466266867,0.15789473684210525,0.5348837209302325
GTEX-13OVL-0011-R11b-SM-5L3G7,GTEX-13OVL,0.9725714285714285,0.15502958579881657,0.8502994011976048,0.9861878453038674,0.7454545454545455,0.03614457831325301,1.0,0.9945295404814004,0.028125,0.45248868778280543,0.9918367346938776,0.1262135922330097,0.9411764705882353,0.2835820895522388,0.07086614173228346,0.9990714948932219,0.0,0.7647058823529411
GTEX-13OVL-0011-R1a-SM-5L3H5,GTEX-13OVL,0.1111111111111111,0.5681818181818182,0.12422360248447205,0.8599221789883269,0.8431372549019608,0.09473684210526316,1.0,0.15384615384615385,0.4117647058823529,0.410958904109589,0.9636363636363636,0.3,0.8620689655172413,0.5294117647058824,0.1282051282051282,0.97,0.918918918918919,0.3181818181818182
GTEX-13OVL-0011-R3b-SM-5L3I8,GTEX-13OVL,0.3944954128440367,0.2916666666666667,0.21808510638297873,0.9500542888165038,0.9473684210526315,0.1956521739130435,0.9583333333333334,0.8888888888888888,0.37962962962962965,0.35135135135135137,0.9763313609467456,0.08333333333333333,0.8823529411764706,0.11627906976744186,0.044444444444444446,0.9831401475237092,0.375,0.5849056603773585
GTEX-13OVL-0011-R4b-SM-5L3HV,GTEX-13OVL,0.07692307692307693,0.7,0.0673076923076923,0.8681318681318682,0.7894736842105263,0.2413793103448276,0.875,0.8,0.6382978723404256,0.40268456375838924,0.8,0.3333333333333333,0.75,0.0,0.2857142857142857,0.9704433497536946,0.8571428571428571,0.625
GTEX-13OVL-0011-R5b-SM-5L3FU,GTEX-13OVL,0.2932330827067669,0.46558704453441296,0.19704433497536947,0.9404352806414662,0.8,0.12,0.975,0.9052631578947369,0.3493975903614458,0.23823529411764705,0.975,0.09090909090909091,0.8333333333333334,0.16,0.034013605442176874,0.9714625445897741,0.29411764705882354,0.75
GTEX-13OVL-0011-R6a-SM-5L3G4,GTEX-13OVL,0.44285714285714284,0.19727891156462585,0.2698412698412698,0.9485791610284168,0.6333333333333333,0.09554140127388536,1.0,0.9565217391304348,0.3669724770642202,0.14678899082568808,0.9542857142857143,0.19148936170212766,0.8095238095238095,0.2,0.21428571428571427,0.9867659222497932,0.13253012048192772,0.6170212765957447
GTEX-13OVL-0011-R7a-SM-5P9GW,GTEX-13OVL,0.023255813953488372,0.4594594594594595,0.12267657992565056,0.8231511254019293,0.47058823529411764,0.1836734693877551,0.8709677419354839,0.17647058823529413,0.9186046511627907,0.4302788844621514,0.9,0.1891891891891892,0.42857142857142855,0.5652173913043478,0.1951219512195122,0.9316770186335404,1.0,0.6410256410256411
GTEX-13OVL-0011-R8a-SM-5L3HH,GTEX-13OVL,0.5342465753424658,0.24752475247524752,0.13761467889908258,0.9345661450924608,0.7777777777777778,0.1044776119402985,1.0,0.8846153846153846,0.3942307692307692,0.36343115124153497,0.9285714285714286,0.2558139534883721,0.7,0.05263157894736842,0.2289156626506024,0.9719789842381786,0.391304347826087,0.7272727272727273
GTEX-13OVL-0011-R9a-SM-5P9GX,GTEX-13OVL,0.2777777777777778,0.8837209302325582,0.08928571428571429,0.8364312267657993,0.8811881188118812,0.16279069767441862,0.9682539682539683,0.08571428571428572,0.3138075313807531,0.5454545454545454,0.8481012658227848,0.18309859154929578,0.8795180722891566,0.6,0.18181818181818182,0.9532908704883227,0.8970588235294118,0.52
GTEX-13OVL-0126-SM-5L3GJ,GTEX-13OVL,0.953125,0.12087912087912088,0.25190839694656486,0.8324873096446701,0.053763440860215055,0.5333333333333333,0.22448979591836735,0.2631578947368421,0.17562724014336917,0.48825065274151436,0.05142857142857143,0.4246575342465753,0.18840579710144928,0.34285714285714286,0.1893687707641196,0.2757352941176471,0.07142857142857142,0.06666666666666667
GTEX-13OVL-0226-SM-5L3E9,GTEX-13OVL,0.9430604982206405,0.16455696202531644,0.23076923076923078,0.7971428571428572,0.1111111111111111,0.6666666666666666,0.3282442748091603,0.5,0.3786407766990291,0.6008771929824561,0.10429447852760736,0.5757575757575758,0.15294117647058825,0.42857142857142855,0.3884297520661157,0.22123893805309736,0.3939393939393939,0.35714285714285715
GTEX-13OVL-0326-SM-5IJCS,GTEX-13OVL,0.7848101265822784,0.7073170731707317,0.01639344262295082,0.36883116883116884,0.5161290322580645,0.8837209302325582,0.8198198198198198,0.8383838383838383,0.7777777777777778,0.9311627906976744,0.11,0.8688524590163934,0.7954545454545454,0.7115384615384616,0.3627311522048364,0.4199288256227758,0.4782608695652174,0.6944444444444444
GTEX-13OVL-0426-SM-5IFG6,GTEX-13OVL,0.3333333333333333,0.2,0.7333333333333333,0.8691588785046729,0.021240441801189464,0.16,0.956989247311828,0.2857142857142857,0.04263565891472868,0.1480637813211845,0.7186813186813187,0.02702702702702703,0.04085257548845471,0.02617801047120419,0.24,0.3048128342245989,0.17857142857142858,0.10144927536231885
GTEX-13OVL-0526-SM-5KLZQ,GTEX-13OVL,0.4393939393939394,0.75,0.0,0.010250749093202964,0.8811881188118812,0.9813084112149533,0.8181818181818182,0.5625,0.9288025889967637,0.9873015873015873,0.7916666666666666,1.0,0.8666666666666667,0.9746835443037974,0.3767441860465116,0.6692307692307692,0.9897959183673469,0.7655172413793103
GTEX-13OVL-0626-SM-5KM13,GTEX-13OVL,0.6111111111111112,0.6956521739130435,0.21967213114754097,0.42596810933940776,0.18604651162790697,0.9459459459459459,0.6049382716049383,0.3181818181818182,0.5300546448087432,0.7127468581687613,0.08955223880597014,0.7142857142857143,0.4666666666666667,0.8214285714285714,0.37844611528822053,0.3464788732394366,0.42342342342342343,0.375
GTEX-13OVL-0826-SM-5L3GV,GTEX-13OVL,0.5737704918032787,0.6363636363636364,0.06,0.4309623430962343,0.4528301886792453,0.7777777777777778,0.7058823529411765,0.5609756097560976,0.7860082304526749,0.8938053097345132,0.2727272727272727,0.627906976744186,0.8,0.6119402985074627,0.13200723327305605,0.5859872611464968,0.7605633802816901,0.6216216216216216
GTEX-13OVL-1326-SM-5IJCZ,GTEX-13OVL,0.9351145038167938,0.7864077669902912,0.013513513513513514,0.36511919698870765,0.6635514018691588,0.9078341013824884,0.9672131147540983,0.952755905511811,0.9178082191780822,0.9866028708133971,0.11458333333333333,0.9012345679012346,0.6666666666666666,0.9390862944162437,0.8992042440318302,0.2,0.5217391304347826,0.7894736842105263
GTEX-13OVL-1426-SM-5IJC1,GTEX-13OVL,0.9857142857142858,0.8260869565217391,0.03333333333333333,0.012292891501870658,0.990909090909091,0.9956989247311828,0.9722222222222222,0.7894736842105263,0.9175257731958762,0.9847328244274809,0.7647058823529411,0.9726027397260274,0.5384615384615384,1.0,0.2289156626506024,0.5882352941176471,0.975,0.9509803921568627
GTEX-13OVL-1526-SM-5K7WA,GTEX-13OVL,0.3548387096774194,0.7543859649122807,0.0078125,0.3448735019973369,0.7168141592920354,0.7404580152671756,0.9503105590062112,0.36082474226804123,0.8040201005025126,0.6039603960396039,0.32158590308370044,0.7215189873417721,0.7631578947368421,0.74,0.08144796380090498,0.7823240589198036,1.0,0.8358531317494601
GTEX-13OVL-1826-SM-5KLZR,GTEX-13OVL,0.7440758293838863,0.14285714285714285,0.30177514792899407,0.9286536248561565,0.19298245614035087,0.6666666666666666,0.46875,0.5483870967741935,0.288135593220339,0.7098039215686275,0.23255813953488372,0.2549019607843137,0.3333333333333333,0.5333333333333333,0.2535211267605634,0.3827893175074184,0.4166666666666667,0.29411764705882354
GTEX-13OVL-1926-SM-5KM14,GTEX-13OVL,0.7407407407407407,0.9259259259259259,0.006622516556291391,0.4191374663072776,0.4117647058823529,0.8909090909090909,0.9285714285714286,0.6041666666666666,0.872,0.9486521181001284,0.16602316602316602,0.8024691358024691,0.5714285714285714,0.86,0.6666666666666666,0.5910364145658263,0.5407407407407407,0.7111111111111111
GTEX-13OVL-2726-SM-5J2MP,GTEX-13OVL,0.7926829268292683,0.7297297297297297,0.005235602094240838,0.4183564567769477,0.4594594594594595,0.8698224852071006,0.9411764705882353,0.7843137254901961,0.8434343434343434,0.926530612244898,0.12550607287449392,0.7846153846153846,1.0,0.9574468085106383,0.9372738238841978,0.4692737430167598,0.3191489361702128,0.8524590163934426
GTEX-13OVL-2926-SM-5IFG3,GTEX-13OVL,0.9583333333333334,0.0297029702970297,0.625,0.9532163742690059,0.0,0.5,0.14285714285714285,0.1794871794871795,0.07981220657276995,0.3504273504273504,0.09523809523809523,0.08571428571428572,0.2549019607843137,0.391304347826087,0.7105263157894737,0.13414634146341464,0.07936507936507936,0.07964601769911504
GTEX-13OVL-3026-SM-5IJF1,GTEX-13OVL,0.9467455621301775,0.2531969309462916,0.71875,0.9748571428571429,0.7857142857142857,0.0851063829787234,1.0,0.9765051395007343,0.09570957095709572,0.39928057553956836,0.9741935483870968,0.21518987341772153,1.0,0.24074074074074073,0.18181818181818182,0.9924731182795699,0.08771929824561403,0.7674418604651163
GTEX-13OVL-3226-SM-5L3H8,GTEX-13OVL,0.9130434782608695,0.043478260869565216,0.7884615384615384,0.9581589958158996,0.06666666666666667,0.1111111111111111,0.6744186046511628,0.5471698113207547,0.024630541871921183,0.19924098671726756,0.3246753246753247,0.4576271186440678,0.7,0.21739130434782608,0.0297029702970297,0.9112627986348123,0.23076923076923078,0.1111111111111111
GTEX-13OW6-0005-SM-5NQ9Z,GTEX-13OW6,0.14285714285714285,0.03125,0.8940397350993378,0.9902912621359223,0.019867549668874173,0.0,1.0,0.0,0.01240694789081886,0.01639344262295082,0.4305555555555556,0.3274336283185841,0.14606741573033707,0.012658227848101266,,0.5405405405405406,0.07142857142857142,1.0
GTEX-13OW6-0011-R10a-SM-5L3HE,GTEX-13OW6,0.5329341317365269,0.22666666666666666,0.1969111969111969,0.967741935483871,0.7872340425531915,0.0975609756097561,0.9402985074626866,0.9611901681759379,0.2782258064516129,0.290448343079922,0.9813664596273292,0.2222222222222222,0.68,0.09523809523809523,0.06521739130434782,0.9918144611186903,0.045454545454545456,0.6
GTEX-13OW6-0011-R11a-SM-5L3H2,GTEX-13OW6,0.9620111731843576,0.1527313266443701,0.8781362007168458,0.9746300211416491,0.7307692307692307,0.0,1.0,0.9854264894984998,0.03773584905660377,0.40433925049309666,0.9930795847750865,0.13043478260869565,1.0,0.06172839506172839,0.05426356589147287,0.9965217391304347,0.013333333333333334,0.4666666666666667
GTEX-13OW6-0011-R1a-SM-5L3HQ,GTEX-13OW6,0.6565656565656566,0.36929460580912865,0.11568123393316196,0.9298642533936652,0.7551020408163265,0.18032786885245902,0.9506172839506173,0.7254901960784313,0.38524590163934425,0.31386861313868614,0.9651162790697675,0.17647058823529413,0.9166666666666666,0.1794871794871795,0.13178294573643412,0.9811320754716981,0.7538461538461538,0.5555555555555556
GTEX-13OW6-0011-R2a-SM-5L3HG,GTEX-13OW6,0.5368421052631579,0.3689839572192513,0.07462686567164178,0.965,0.8461538461538461,0.15384615384615385,1.0,0.42105263157894735,0.3224489795918367,0.41732283464566927,0.9629629629629629,0.02702702702702703,0.8181818181818182,0.2,0.1134020618556701,0.9893758300132802,0.6086956521739131,0.5172413793103449
GTEX-13OW6-0011-R4a-SM-5O9DX,GTEX-13OW6,0.2631578947368421,0.6619718309859155,0.08442776735459662,0.8456883509833586,0.813953488372093,0.18,1.0,0.6363636363636364,0.6236559139784946,0.441025641025641,0.9120879120879121,0.13043478260869565,1.0,0.2,0.24444444444444444,0.9560067681895094,0.75,0.7560975609756098
GTEX-13OW6-0011-R5a-SM-5O9BK,GTEX-13OW6,0.14893617021276595,0.34101382488479265,0.14927048260381592,0.9624906226556639,0.5942028985507246,0.09574468085106383,0.983739837398374,0.7861635220125787,0.4435146443514644,0.2291296625222025,0.9272727272727272,0.17333333333333334,0.7142857142857143,0.08108108108108109,0.171875,0.9700374531835206,0.25,0.45614035087719296
GTEX-13OW6-0011-R6b-SM-5L3GR,GTEX-13OW6,0.4142857142857143,0.23705722070844687,0.2628099173553719,0.9651567944250871,0.6065573770491803,0.08,0.975,0.8451612903225807,0.3440514469453376,0.16266666666666665,0.9581589958158996,0.12727272727272726,0.7931034482758621,0.08333333333333333,0.10344827586206896,0.9864978902953586,0.14285714285714285,0.5764705882352941
GTEX-13OW6-0011-R7b-SM-5L3H4,GTEX-13OW6,0.1951219512195122,0.3931034482758621,0.10891089108910891,0.9781962338949455,0.75,0.19444444444444445,0.9591836734693877,0.797979797979798,0.4045307443365696,0.2830188679245283,0.9689922480620154,0.13043478260869565,0.9166666666666666,0.14285714285714285,0.12307692307692308,0.9638336347197106,0.3333333333333333,0.7894736842105263
GTEX-13OW6-0011-R8a-SM-5L3GF,GTEX-13OW6,0.4421768707482993,0.17982456140350878,0.2682926829268293,0.9646017699115044,0.7317073170731707,0.07317073170731707,1.0,0.6666666666666666,0.36470588235294116,0.3954154727793696,1.0,0.07462686567164178,0.6666666666666666,0.07692307692307693,0.15447154471544716,0.9910714285714286,0.20833333333333334,0.660377358490566
GTEX-13OW6-0126-SM-5IJGM,GTEX-13OW6,0.4426229508196721,0.24489795918367346,0.45689655172413796,0.8103975535168195,0.028199566160520606,0.6444444444444445,0.927461139896373,0.5,0.1570796460176991,0.2533081285444234,0.6993865030674846,0.16,0.12211221122112212,0.022727272727272728,0.16772823779193205,0.2996910401647786,0.4823529411764706,0.22105263157894736
GTEX-13OW6-0226-SM-5J1NB,GTEX-13OW6,0.7637795275590551,0.7744360902255639,0.021341463414634148,0.3211752786220871,0.4845360824742268,0.6496815286624203,0.8634146341463415,0.5967741935483871,0.8333333333333334,0.8049104180491041,0.20574162679425836,0.8222222222222222,0.5578947368421052,0.25252525252525254,0.4146341463414634,0.5249130938586327,0.6774193548387096,0.8095238095238095
GTEX-13OW6-0326-SM-5L3H9,GTEX-13OW6,0.9179487179487179,0.8554216867469879,0.007751937984496124,0.2802617230098146,0.6344086021505376,0.9006622516556292,0.8909090909090909,0.953757225433526,0.9044776119402985,0.9354541263254956,0.13279132791327913,0.9444444444444444,0.673469387755102,0.4222222222222222,0.8711091626479615,0.27906976744186046,0.3877551020408163,0.8823529411764706
GTEX-13OW6-0426-SM-5L3HM,GTEX-13OW6,0.9335548172757475,0.1450381679389313,0.32673267326732675,0.8674418604651163,0.05263157894736842,0.5609756097560976,0.18604651162790697,0.3333333333333333,0.33707865168539325,0.3926940639269406,0.13095238095238096,0.5,0.16363636363636364,0.06451612903225806,0.34615384615384615,0.20833333333333334,0.18181818181818182,0.2857142857142857
GTEX-13OW6-0526-SM-5L3HY,GTEX-13OW6,0.819718309859155,0.7052631578947368,0.03225806451612903,0.35809018567639256,0.45161290322580644,0.9479905437352246,0.8666666666666667,0.8802395209580839,0.8545454545454545,0.9204152249134948,0.10153846153846154,0.9333333333333333,0.7101449275362319,0.2786885245901639,0.7921419518377694,0.2962962962962963,0.56,0.75
GTEX-13OW6-0626-SM-5L3IB,GTEX-13OW6,1.0,1.0,0.04,0.010321797207043109,0.9552238805970149,0.9815668202764977,0.8723404255319149,0.8947368421052632,0.9512195121951219,0.9638009049773756,0.8253521126760563,0.9829059829059829,0.75,0.8571428571428571,0.40425531914893614,0.5764705882352941,0.9733333333333334,0.9475982532751092
GTEX-13OW6-0726-SM-5L3FX,GTEX-13OW6,0.857707509881423,0.5051546391752577,0.49570200573065903,0.8614270941054809,0.19047619047619047,0.8333333333333334,0.36470588235294116,0.2692307692307692,0.1858108108108108,0.5743589743589743,0.18421052631578946,0.47619047619047616,0.34285714285714286,0.0,0.43450479233226835,0.4032258064516129,0.15,0.3584905660377358
GTEX-13OW6-0826-SM-5L3GA,GTEX-13OW6,0.5428571428571428,0.391304347826087,0.28735632183908044,0.7072463768115942,0.16216216216216217,0.8309859154929577,0.7258883248730964,0.30434782608695654,0.43768115942028984,0.36934503713706957,0.2222222222222222,0.3225806451612903,0.08163265306122448,0.05084745762711865,0.4817813765182186,0.22658610271903323,0.16279069767441862,0.8181818181818182
GTEX-13OW6-0926-SM-5L3GM,GTEX-13OW6,0.28735632183908044,0.7684210526315789,0.04721030042918455,0.0343811394891945,0.75,0.8914728682170543,0.797752808988764,0.55,0.8035714285714286,0.9168173598553345,0.8130841121495327,0.9,0.6,0.6078431372549019,0.43661971830985913,0.6112852664576802,0.7128205128205128,0.7985611510791367
GTEX-13OW6-1126-SM-5L3HL,GTEX-13OW6,0.48717948717948717,1.0,0.04225352112676056,0.01827485380116959,0.8181818181818182,0.8709677419354839,0.6923076923076923,0.75,0.9154929577464789,0.9763663220088626,0.569620253164557,1.0,0.6666666666666666,0.5,0.6069364161849711,0.5033557046979866,1.0,0.6363636363636364
GTEX-13OW6-1426-SM-5L3EU,GTEX-13OW6,0.7414965986394558,0.8947368421052632,0.011673151750972763,0.43383199079401613,0.6842105263157895,0.8071065989847716,0.9166666666666666,0.7142857142857143,0.8327526132404182,0.9195046439628483,0.22727272727272727,0.8431372549019608,0.6888888888888889,0.3225806451612903,0.8008130081300813,0.5153203342618384,0.48484848484848486,0.8241758241758241
GTEX-13OW6-1526-SM-5L3HX,GTEX-13OW6,0.9131944444444444,0.8863636363636364,0.018518518518518517,0.21287128712871287,0.6333333333333333,0.8776758409785933,0.8245614035087719,0.9148936170212766,0.8043478260869565,0.9738348323793949,0.09933774834437085,0.8297872340425532,0.7037037037037037,0.46835443037974683,0.8353121409421678,0.28640776699029125,0.41843971631205673,0.7398373983739838
GTEX-13OW6-1626-SM-5IJD5,GTEX-13OW6,0.8285714285714286,0.8412698412698413,0.005154639175257732,0.4469628286491387,0.7241379310344828,0.849802371541502,0.9122807017543859,0.8260869565217391,0.8431372549019608,0.9282758620689655,0.19101123595505617,0.9,0.6756756756756757,0.35555555555555557,0.7847840986977381,0.3875802997858672,0.2903225806451613,0.6122448979591837
GTEX-13OW6-1726-SM-5IJGI,GTEX-13OW6,0.23404255319148937,0.05263157894736842,0.07526881720430108,0.962831374692539,0.2413793103448276,0.7777777777777778,1.0,0.06493506493506493,0.40808344198174706,0.405,0.2682926829268293,0.36585365853658536,0.49606299212598426,0.0958904109589041,0.22404371584699453,0.08502024291497975,0.2711864406779661,0.06086956521739131
GTEX-13OW6-1826-SM-5N9F9,GTEX-13OW6,0.75,0.5,0.5159817351598174,0.9137529137529138,0.4117647058823529,0.14285714285714285,0.3783783783783784,0.15384615384615385,0.19732441471571907,0.7194570135746606,0.42528735632183906,0.1111111111111111,0.16666666666666666,0.0,0.1065989847715736,0.3584905660377358,0.42857142857142855,0.3333333333333333
GTEX-13OW6-2126-SM-5N9GL,GTEX-13OW6,0.8557377049180328,0.639344262295082,0.26627218934911245,0.712487899322362,0.5072463768115942,0.8566775244299675,0.631578947368421,0.5714285714285714,0.5141700404858299,0.796149490373726,0.23076923076923078,0.6071428571428571,0.34782608695652173,0.2,0.8242238740708352,0.3184855233853007,0.5,0.7840909090909091
GTEX-13OW6-2226-SM-5N9FL,GTEX-13OW6,0.7803468208092486,0.7916666666666666,0.017064846416382253,0.3345280764635603,0.6216216216216216,0.8895027624309392,0.8591549295774648,0.7837837837837838,0.8573913043478261,0.9431616341030196,0.1893687707641196,0.75,0.7142857142857143,0.34177215189873417,0.7962962962962963,0.5467775467775468,0.5909090909090909,0.7469879518072289
GTEX-13OW6-2426-SM-5K7WO,GTEX-13OW6,0.6528925619834711,0.6938775510204082,0.01808785529715762,0.39983646770237125,0.48484848484848486,0.7931034482758621,0.673202614379085,0.4716981132075472,0.7323232323232324,0.9310344827586207,0.16062176165803108,0.7027027027027027,0.8461538461538461,0.13978494623655913,0.27009936766034326,0.5919117647058824,0.5263157894736842,0.4482758620689655
GTEX-13OW6-2526-SM-5IJEC,GTEX-13OW6,0.9478260869565217,0.17073170731707318,0.8014184397163121,0.9669421487603306,0.07142857142857142,0.391304347826087,0.41899441340782123,0.2916666666666667,0.058315334773218146,0.20134228187919462,0.15,0.4482758620689655,0.037037037037037035,0.10344827586206896,0.4915254237288136,0.1773049645390071,0.13333333333333333,0.02127659574468085
GTEX-13OW6-2626-SM-5IFF2,GTEX-13OW6,1.0,0.25,0.15384615384615385,0.9591598599766628,0.2857142857142857,0.6923076923076923,0.6,0.05454545454545454,0.1848341232227488,0.9411764705882353,0.1506849315068493,0.42857142857142855,0.5,0.015384615384615385,0.1,0.4084507042253521,0.6666666666666666,0.16883116883116883
GTEX-13OW6-2726-SM-5J2OE,GTEX-13OW6,0.95,0.15789473684210525,0.30386740331491713,0.8796791443850267,0.08,0.45454545454545453,0.12352941176470589,0.4,0.2604166666666667,0.36444444444444446,0.1065989847715736,0.3409090909090909,0.09473684210526316,0.037037037037037035,0.15492957746478872,0.34104046242774566,0.16666666666666666,0.16666666666666666
GTEX-13OW6-2926-SM-5KM29,GTEX-13OW6,0.9459459459459459,0.17933130699088146,0.6768558951965066,0.9823269513991163,0.7272727272727273,0.06666666666666667,1.0,0.9927992799279928,0.08275862068965517,0.40408163265306124,0.9575971731448764,0.21739130434782608,0.9459459459459459,0.024390243902439025,0.08695652173913043,0.9955719557195571,0.17073170731707318,0.75
GTEX-13OW6-3026-SM-5J2MI,GTEX-13OW6,0.5327102803738317,0.22846441947565543,0.15056179775280898,0.9793174767321613,0.5714285714285714,0.1111111111111111,0.9523809523809523,0.9626168224299065,0.2346368715083799,0.34349030470914127,0.9787985865724381,0.14285714285714285,0.8461538461538461,0.038461538461538464,0.14285714285714285,0.9982713915298185,0.4634146341463415,0.7254901960784313
GTEX-13OW6-3126-SM-5L3IA,GTEX-13OW6,0.7721518987341772,0.07692307692307693,0.7319587628865979,0.9424836601307189,0.07142857142857142,0.14285714285714285,0.5384615384615384,0.5238095238095238,0.08771929824561403,0.2328767123287671,0.30275229357798167,0.40350877192982454,0.6666666666666666,0.13725490196078433,0.11842105263157894,0.9090909090909091,0.0967741935483871,0.1111111111111111
GTEX-13OW8-0005-SM-5NQAC,GTEX-13OW8,0.0,0.0,0.9545454545454546,0.9012345679012346,0.041666666666666664,0.0,0.5,0.0,0.010638297872340425,0.02564102564102564,0.7671232876712328,0.6,0.061224489795918366,0.10204081632653061,0.0,0.5955056179775281,0.0,0.2
GTEX-13OW8-0011-R10a-SM-5L3H6,GTEX-13OW8,0.6,0.288135593220339,0.17362637362637362,0.9681647940074907,0.7297297297297297,0.3493975903614458,0.8969072164948454,0.9634146341463414,0.39849624060150374,0.3159851301115242,0.9294117647058824,0.034482758620689655,0.7142857142857143,0.058823529411764705,0.0379746835443038,0.98989898989899,0.1724137931034483,0.7073170731707317
GTEX-13OW8-0011-R11a-SM-5L3GT,GTEX-13OW8,0.9555555555555556,0.1572700296735905,0.8423645320197044,0.9587628865979382,0.5862068965517241,0.0625,0.96875,0.9885321100917431,0.035842293906810034,0.3423913043478261,1.0,0.13432835820895522,1.0,0.08108108108108109,0.053763440860215055,0.9967715899919289,0.022222222222222223,0.7333333333333333
GTEX-13OW8-0011-R1a-SM-5L3HI,GTEX-13OW8,0.11864406779661017,0.5084745762711864,0.1115702479338843,0.7919320594479831,0.8709677419354839,0.43243243243243246,0.92,0.36,0.559748427672956,0.33488372093023255,0.7647058823529411,0.15384615384615385,0.5652173913043478,0.047619047619047616,0.11737089201877934,0.8831460674157303,0.5714285714285714,0.4897959183673469
GTEX-13OW8-0011-R2a-SM-5L3G2,GTEX-13OW8,0.16,0.4603174603174603,0.13178294573643412,0.9126637554585153,0.7391304347826086,0.5862068965517241,1.0,0.17647058823529413,0.49206349206349204,0.36745886654478976,0.7866666666666666,0.2727272727272727,0.6923076923076923,0.25,0.12,0.8448753462603878,0.8421052631578947,0.16666666666666666
GTEX-13OW8-0011-R3a-SM-5L3I4,GTEX-13OW8,0.32142857142857145,0.32407407407407407,0.22131147540983606,0.954639175257732,0.7777777777777778,0.3253012048192771,1.0,0.924812030075188,0.40893470790378006,0.1909722222222222,0.9899497487437185,0.1111111111111111,0.3333333333333333,0.07692307692307693,0.1836734693877551,0.9902439024390244,0.07142857142857142,0.5384615384615384
GTEX-13OW8-0011-R5b-SM-5L3FQ,GTEX-13OW8,0.20481927710843373,0.35251798561151076,0.1411042944785276,0.946949602122016,0.8064516129032258,0.35714285714285715,0.9333333333333333,0.8648648648648649,0.4727272727272727,0.19313304721030042,0.9757575757575757,0.2,0.9090909090909091,0.2727272727272727,0.14705882352941177,0.967266775777414,0.3220338983050847,0.5882352941176471
GTEX-13OW8-0011-R6b-SM-5L3I3,GTEX-13OW8,0.25333333333333335,0.3333333333333333,0.14942528735632185,0.9486486486486486,0.8571428571428571,0.3333333333333333,1.0,0.7222222222222222,0.5084745762711864,0.24074074074074073,0.9424460431654677,0.07692307692307693,0.2857142857142857,0.0,0.06521739130434782,0.976878612716763,0.2857142857142857,0.5238095238095238
GTEX-13OW8-0011-R7a-SM-5L3FP,GTEX-13OW8,0.10714285714285714,0.4666666666666667,0.13380281690140844,0.8860510805500982,0.7419354838709677,0.15789473684210525,0.9130434782608695,0.6170212765957447,0.5071090047393365,0.28852459016393445,0.8888888888888888,0.2,1.0,0.125,0.17985611510791366,0.9269662921348315,0.72,0.5652173913043478
GTEX-13OW8-0011-R8a-SM-5L3G5,GTEX-13OW8,0.1111111111111111,0.3793103448275862,0.11666666666666667,0.8962264150943396,0.7391304347826086,0.4418604651162791,0.9166666666666666,0.29411764705882354,0.3333333333333333,0.3729508196721312,0.7468354430379747,0.18181818181818182,0.75,0.14285714285714285,0.16339869281045752,0.8850574712643678,0.6666666666666666,0.2571428571428571
GTEX-13OW8-0126-SM-5IJE5,GTEX-13OW8,0.8755186721991701,0.22641509433962265,0.6923076923076923,0.843558282208589,0.22935779816513763,0.9487179487179487,0.2874493927125506,0.24242424242424243,0.18584070796460178,0.5372549019607843,0.19815668202764977,0.15492957746478872,0.39823008849557523,0.32075471698113206,0.19483870967741934,0.41935483870967744,0.19148936170212766,0.225
GTEX-13OW8-0226-SM-5K7UP,GTEX-13OW8,0.6037735849056604,0.6122448979591837,0.05263157894736842,0.43790849673202614,0.3235294117647059,0.6504854368932039,0.819047619047619,0.41379310344827586,0.740072202166065,0.8154859967051071,0.18518518518518517,0.6666666666666666,0.6923076923076923,0.47692307692307695,0.2,0.5454545454545454,0.68,0.4772727272727273
GTEX-13OW8-0326-SM-5L3FB,GTEX-13OW8,0.4,0.6962025316455697,0.013824884792626729,0.45665773011617516,0.5,0.7777777777777778,0.7608695652173914,0.3103448275862069,0.7263843648208469,0.9054054054054054,0.23255813953488372,0.5789473684210527,0.5675675675675675,0.43859649122807015,0.17142857142857143,0.6253968253968254,0.6344086021505376,0.5294117647058824
GTEX-13OW8-0426-SM-5J2NR,GTEX-13OW8,0.6910569105691057,0.2112676056338028,0.2403846153846154,0.5709001233045623,0.3877551020408163,0.9310344827586207,0.43529411764705883,0.376,0.5215311004784688,0.8163265306122449,0.14285714285714285,0.8888888888888888,0.6470588235294118,0.5280898876404494,0.3648068669527897,0.24324324324324326,0.37209302325581395,0.15555555555555556
GTEX-13OW8-0526-SM-5KM24,GTEX-13OW8,0.1836734693877551,0.3726937269372694,0.261758691206544,0.7861635220125787,0.145985401459854,0.7017543859649122,0.91,0.391304347826087,0.20577617328519857,0.24234904880066171,0.62486602357985,0.2987012987012987,0.3391304347826087,0.14285714285714285,0.23227752639517346,0.45660989456609896,0.5601374570446735,0.2931726907630522
GTEX-13OW8-1026-SM-5J1NQ,GTEX-13OW8,0.9358974358974359,0.0847457627118644,0.34299516908212563,0.797583081570997,0.04878048780487805,0.76,0.29411764705882354,0.3684210526315789,0.2923076923076923,0.41834451901565994,0.11737089201877934,0.5068493150684932,0.2857142857142857,0.08333333333333333,0.3025210084033613,0.38848920863309355,0.10526315789473684,0.2
GTEX-13OW8-1226-SM-5K7XD,GTEX-13OW8,0.7017543859649122,0.5798319327731093,0.060240963855421686,0.3758480325644505,0.22666666666666666,0.8850574712643678,0.898989898989899,0.5051546391752577,0.6558139534883721,0.8419753086419753,0.15966386554621848,0.9636363636363636,0.5492957746478874,0.37349397590361444,0.2999263080324245,0.4052173913043478,0.5272727272727272,0.825
GTEX-13OW8-1326-SM-5J1OW,GTEX-13OW8,0.9225181598062954,0.14666666666666667,0.4596100278551532,0.7937888198757764,0.07086614173228346,0.8275862068965517,0.40384615384615385,0.5135135135135135,0.25,0.38613861386138615,0.09259259259259259,0.6533333333333333,0.03896103896103896,0.13432835820895522,0.5023041474654378,0.13240857503152584,0.1320754716981132,0.34545454545454546
GTEX-13OW8-1426-SM-5IJDT,GTEX-13OW8,0.9823788546255506,0.8775510204081632,0.05660377358490566,0.04229848363926576,0.9466666666666667,0.9878048780487805,0.926829268292683,0.7333333333333333,0.7985074626865671,0.9042145593869731,0.7245901639344262,0.9506172839506173,0.75,0.9047619047619048,0.4350282485875706,0.4918032786885246,0.8857142857142857,0.9099099099099099
GTEX-13OW8-1526-SM-5K7V2,GTEX-13OW8,0.5754189944134078,0.8723404255319149,0.01818181818181818,0.271523178807947,0.56,0.6760925449871465,0.87,0.24812030075187969,0.8165137614678899,0.6366874443455031,0.35864978902953587,0.6941176470588235,0.7373737373737373,0.39473684210526316,0.13879781420765028,0.7795637198622273,0.8913043478260869,0.8773784355179705
GTEX-13OW8-1626-SM-5L3HW,GTEX-13OW8,0.8666666666666667,0.7441860465116279,0.008695652173913044,0.245014245014245,0.7391304347826086,0.8705416116248349,0.7653631284916201,0.815028901734104,0.8260869565217391,0.9508433734939759,0.2236842105263158,1.0,0.7108433734939759,0.6153846153846154,0.8210502591841334,0.26136363636363635,0.4233128834355828,0.7758620689655172
GTEX-13OW8-1726-SM-5L3GO,GTEX-13OW8,0.7272727272727273,0.44,0.44493392070484583,0.6416938110749185,0.15789473684210525,0.9487179487179487,0.7938144329896907,0.21212121212121213,0.29004329004329005,0.5341506129597198,0.35,0.5,0.16666666666666666,0.29411764705882354,0.2983606557377049,0.395,0.3333333333333333,0.5333333333333333
GTEX-13OW8-1826-SM-5L3H1,GTEX-13OW8,0.9299781181619255,0.8453038674033149,0.02158273381294964,0.11934156378600823,0.6883116883116883,0.9533213644524237,0.8803418803418803,0.98,0.950920245398773,0.9696699375557538,0.10526315789473684,0.8431372549019608,0.9183673469387755,0.8163265306122449,0.8015934207144693,0.28421052631578947,0.5604395604395604,0.4153846153846154
GTEX-13OW8-2126-SM-5J1OS,GTEX-13OW8,0.125,0.5,0.030927835051546393,0.030658250676284943,0.6666666666666666,1.0,0.44,0.1724137931034483,0.856353591160221,0.9265658747300216,0.43859649122807015,0.8461538461538461,0.7142857142857143,0.09090909090909091,0.30935251798561153,0.6535433070866141,0.7692307692307693,0.6231884057971014
GTEX-13OW8-2226-SM-5K7Z4,GTEX-13OW8,0.6809815950920245,0.6842105263157895,0.008130081300813009,0.38120567375886527,0.5111111111111111,0.9285714285714286,0.8769230769230769,0.6752136752136753,0.8066666666666666,0.9329608938547486,0.2703862660944206,0.7391304347826086,0.782608695652174,0.726027397260274,0.7884362680683311,0.5443037974683544,0.6888888888888889,0.75
GTEX-13OW8-2326-SM-5L3I9,GTEX-13OW8,0.9516129032258065,0.288135593220339,0.3218390804597701,0.8712051517939282,0.17073170731707318,1.0,0.1746031746031746,0.3559322033898305,0.21037463976945245,0.5028376844494892,0.14522821576763487,0.3333333333333333,0.12,0.36,0.64,0.3707865168539326,0.09523809523809523,0.2571428571428571
GTEX-13OW8-2726-SM-5L3FZ,GTEX-13OW8,0.8870056497175142,0.6756756756756757,0.005917159763313609,0.35438042620363064,0.7142857142857143,0.9191564147627417,0.8,0.9423076923076923,0.896551724137931,0.9362618432385874,0.20618556701030927,0.8241758241758241,0.8666666666666667,0.6763005780346821,0.9230421004979629,0.27165354330708663,0.6666666666666666,0.7604166666666666
GTEX-13OW8-2826-SM-5L3GC,GTEX-13OW8,0.5,0.3068893528183716,0.2459016393442623,0.9620493358633776,0.5909090909090909,0.2903225806451613,0.8709677419354839,0.8737541528239202,0.2185792349726776,0.28756476683937826,0.985239852398524,0.15,0.7916666666666666,0.09090909090909091,0.01694915254237288,0.982690794649882,0.5,0.34782608695652173
GTEX-13OW8-2926-SM-5L3FV,GTEX-13OW8,0.9595588235294118,0.12154696132596685,0.8,0.9896103896103896,0.6666666666666666,0.1282051282051282,0.9487179487179487,0.9953216374269006,0.050946142649199416,0.36629213483146067,0.971830985915493,0.17857142857142858,0.9487179487179487,0.05128205128205128,0.09090909090909091,0.9936406995230525,0.10204081632653061,0.6521739130434783
GTEX-13OW8-3026-SM-5L3G8,GTEX-13OW8,0.6875,0.13043478260869565,0.5450236966824644,0.9322381930184805,0.2,0.7931034482758621,0.7011494252873564,0.4444444444444444,0.12941176470588237,0.27246376811594203,0.17647058823529413,0.37037037037037035,0.42857142857142855,0.24242424242424243,0.3799126637554585,0.8578431372549019,0.14285714285714285,0.25
GTEX-13PVQ-0011-R11a-SM-5O9DU,GTEX-13PVQ,0.8817480719794345,0.11653116531165311,0.6501901140684411,0.9286871961102107,0.5,0.1746031746031746,0.9090909090909091,0.962640099626401,0.025440313111545987,0.44907407407407407,0.9618320610687023,0.1891891891891892,0.8620689655172413,0.08695652173913043,0.11504424778761062,0.9886524822695035,0.10204081632653061,0.6470588235294118
GTEX-13PVQ-0011-R3b-SM-5O9D6,GTEX-13PVQ,0.3333333333333333,0.3854166666666667,0.18242343541944075,0.8963963963963963,0.7142857142857143,0.23809523809523808,0.9818181818181818,0.9111111111111111,0.6276595744680851,0.3059210526315789,0.819672131147541,0.13513513513513514,0.6666666666666666,0.047619047619047616,0.12751677852348994,0.9660249150622876,0.6296296296296297,0.6585365853658537
GTEX-13PVQ-0011-R4a-SM-5O9CT,GTEX-13PVQ,0.3125,0.6271186440677966,0.08812260536398467,0.8703170028818443,0.8545454545454545,0.2743362831858407,0.8787878787878788,0.47619047619047616,0.6027397260273972,0.4014336917562724,0.78125,0.13333333333333333,1.0,0.2,0.05660377358490566,0.9638009049773756,0.7058823529411765,0.7948717948717948
GTEX-13PVQ-0011-R5b-SM-5O9DI,GTEX-13PVQ,0.04504504504504504,0.48863636363636365,0.09090909090909091,0.9046511627906977,0.7049180327868853,0.3170731707317073,1.0,0.5111111111111111,0.6406779661016949,0.4328767123287671,0.7981651376146789,0.21052631578947367,0.8666666666666667,0.037037037037037035,0.18385650224215247,0.9176954732510288,0.5333333333333333,0.625
GTEX-13PVQ-0011-R7a-SM-5L3G3,GTEX-13PVQ,0.1388888888888889,0.39325842696629215,0.1388888888888889,0.8934782608695652,0.6,0.2698412698412698,0.9444444444444444,0.8604651162790697,0.5253164556962026,0.34626865671641793,0.8181818181818182,0.12,0.7,0.3333333333333333,0.1678832116788321,0.9096774193548387,0.48717948717948717,0.6923076923076923
GTEX-13PVQ-0011-R9b-SM-5LU3B,GTEX-13PVQ,0.2,0.8245614035087719,0.09302325581395349,0.8137931034482758,0.8636363636363636,0.4473684210526316,1.0,0.4,0.28802588996763756,0.4573643410852713,0.6140350877192983,0.15789473684210525,0.6862745098039216,0.4358974358974359,0.5,0.9536231884057971,0.975,0.5
GTEX-13PVQ-0226-SM-5SIBG,GTEX-13PVQ,0.6363636363636364,0.6363636363636364,0.03783783783783784,0.4018887722980063,0.3333333333333333,0.7807017543859649,0.9242424242424242,0.415929203539823,0.7507418397626113,0.8405951115834219,0.18018018018018017,0.9148936170212766,0.7303370786516854,0.2962962962962963,0.22477064220183487,0.4279918864097363,0.6761904761904762,0.9016393442622951
GTEX-13PVQ-0326-SM-5K7YF,GTEX-13PVQ,0.9726027397260274,1.0,0.1111111111111111,0.010814708002883922,0.9841269841269841,0.965034965034965,1.0,0.8947368421052632,0.9157894736842105,0.9325301204819277,0.7486136783733827,1.0,0.3333333333333333,0.9076923076923077,0.5897435897435898,0.7857142857142857,0.9267015706806283,0.9624060150375939
GTEX-13PVQ-0426-SM-5J1OG,GTEX-13PVQ,0.28695652173913044,0.8309859154929577,0.02967359050445104,0.3862559241706161,0.48717948717948717,0.7042606516290727,0.9327731092436975,0.35294117647058826,0.7831325301204819,0.5722041259500543,0.2698412698412698,0.9,0.7272727272727273,0.1891891891891892,0.1691542288557214,0.6952380952380952,0.625,0.8600583090379009
GTEX-13PVQ-0526-SM-5LU8Q,GTEX-13PVQ,0.8153153153153153,0.8074074074074075,0.10256410256410256,0.35009671179883944,0.5529411764705883,0.9614890885750963,0.9368421052631579,0.9548872180451128,0.7787610619469026,0.9360086767895879,0.10344827586206896,0.9545454545454546,0.7727272727272727,0.4794520547945205,0.793400286944046,0.11932773109243698,0.5929203539823009,0.6607142857142857
GTEX-13PVQ-0626-SM-5LU47,GTEX-13PVQ,0.9012345679012346,0.1656441717791411,0.24719101123595505,0.8429752066115702,0.07462686567164178,0.8260869565217391,0.2647058823529412,0.15789473684210525,0.4033898305084746,0.4470284237726098,0.08035714285714286,0.5142857142857142,0.16417910447761194,0.13513513513513514,0.41968911917098445,0.29865125240847784,0.2972972972972973,0.42857142857142855
GTEX-13PVQ-0726-SM-5L3GI,GTEX-13PVQ,0.8064516129032258,0.4166666666666667,0.7198697068403909,0.784,0.16279069767441862,0.7222222222222222,0.5517241379310345,0.4418604651162791,0.28896672504378285,0.581622678396872,0.14285714285714285,0.36363636363636365,0.45,0.08,0.3903133903133903,0.21138211382113822,0.09333333333333334,0.2
GTEX-13PVQ-0926-SM-5IJFD,GTEX-13PVQ,0.4457831325301205,0.6111111111111112,0.25523012552301255,0.42778541953232463,0.16666666666666666,0.9574468085106383,0.9016393442622951,0.34306569343065696,0.4191780821917808,0.7676950998185118,0.22424242424242424,0.6521739130434783,0.2916666666666667,0.2222222222222222,0.37548387096774194,0.21649484536082475,0.4117647058823529,0.5789473684210527
GTEX-13PVQ-1026-SM-5KM3M,GTEX-13PVQ,0.2839506172839506,0.6,0.10204081632653061,0.3719247467438495,0.0625,0.8857142857142857,0.7904761904761904,0.4,0.6810810810810811,0.7401129943502824,0.2215568862275449,0.7704918032786885,0.6842105263157895,0.17073170731707318,0.24519230769230768,0.37209302325581395,0.49206349206349204,0.7681159420289855
GTEX-13PVQ-1226-SM-5IJDC,GTEX-13PVQ,0.44680851063829785,1.0,0.04,0.011310711909514305,0.8571428571428571,0.9622641509433962,0.8095238095238095,0.26666666666666666,0.8888888888888888,0.93048128342246,0.7709923664122137,0.6923076923076923,1.0,0.6363636363636364,0.635036496350365,0.45614035087719296,0.9838709677419355,0.8846153846153846
GTEX-13PVQ-1326-SM-5LU4J,GTEX-13PVQ,0.22666666666666666,0.9285714285714286,0.045871559633027525,0.01248,0.9206349206349206,0.9806763285024155,0.974025974025974,0.4666666666666667,0.8995433789954338,0.8788898233809924,0.6949152542372882,0.8666666666666667,1.0,0.4642857142857143,0.83399209486166,0.5974842767295597,0.8509316770186336,0.8333333333333334
GTEX-13PVQ-1426-SM-5J1O4,GTEX-13PVQ,0.9208261617900172,0.8028169014084507,0.13744075829383887,0.22511210762331837,0.39285714285714285,0.9447004608294931,0.7333333333333333,0.9245283018867925,0.883289124668435,0.9445660102115244,0.1329479768786127,0.8032786885245902,0.7551020408163265,0.4782608695652174,0.6510962821734986,0.25831202046035806,0.44155844155844154,0.7894736842105263
GTEX-13PVQ-1526-SM-5IFEQ,GTEX-13PVQ,0.9656160458452722,,0.6153846153846154,0.9718592964824121,0.10344827586206896,0.7647058823529411,0.5238095238095238,0.0,0.20430107526881722,0.7903494176372712,0.16049382716049382,0.25,0.3333333333333333,0.0,0.14285714285714285,0.20398009950248755,1.0,0.21052631578947367
GTEX-13PVQ-1726-SM-5IFF3,GTEX-13PVQ,0.9375,0.3191489361702128,0.16363636363636364,0.9296703296703297,0.034482758620689655,1.0,0.39655172413793105,0.34782608695652173,0.29896907216494845,0.44204322200392926,0.16494845360824742,0.5151515151515151,0.07692307692307693,0.0847457627118644,0.4090909090909091,0.2606060606060606,0.08256880733944955,1.0
GTEX-13PVQ-1826-SM-5L3GU,GTEX-13PVQ,0.7777777777777778,1.0,0.008547008547008548,0.3164277839029768,0.6153846153846154,0.9241706161137441,1.0,0.855072463768116,0.8607594936708861,0.8485370051635112,0.18571428571428572,0.8,0.7777777777777778,0.36363636363636365,0.9122807017543859,0.3069306930693069,0.23404255319148937,0.8125
GTEX-13PVQ-1926-SM-5L3GN,GTEX-13PVQ,0.8151260504201681,0.6721311475409836,0.03125,0.3141263940520446,0.7142857142857143,0.8875,0.9354838709677419,0.8297872340425532,0.8497109826589595,0.8830022075055187,0.12418300653594772,0.8,0.7692307692307693,0.32432432432432434,0.8481012658227848,0.29411764705882354,0.391304347826087,0.7735849056603774
GTEX-13PVQ-2126-SM-5L3FW,GTEX-13PVQ,0.7903225806451613,0.1724137931034483,0.8347107438016529,0.9664492078285182,0.07142857142857142,0.25,0.36585365853658536,0.20689655172413793,0.09803921568627451,0.2393538913362702,0.19083969465648856,0.38461538461538464,0.11428571428571428,0.13333333333333333,0.6326530612244898,0.2736842105263158,0.07692307692307693,0.21739130434782608
GTEX-13PVQ-2226-SM-5L3G9,GTEX-13PVQ,0.20833333333333334,0.4666666666666667,0.1111111111111111,0.4023285899094437,0.3548387096774194,0.8947368421052632,0.8793103448275862,0.38028169014084506,0.6623376623376623,0.7806451612903226,0.3559322033898305,0.5714285714285714,0.7241379310344828,0.08571428571428572,0.1723027375201288,0.3115942028985507,0.46835443037974683,0.5932203389830508
GTEX-13PVQ-2726-SM-5L3H7,GTEX-13PVQ,0.6166666666666667,1.0,0.007874015748031496,0.251661918328585,0.7,0.8867924528301887,0.9166666666666666,0.8333333333333334,0.8452380952380952,0.9221902017291066,0.3956043956043956,0.8260869565217391,1.0,0.42857142857142855,0.8215488215488216,0.45396825396825397,0.7142857142857143,0.869281045751634
GTEX-13PVQ-2926-SM-5L3HJ,GTEX-13PVQ,0.953125,0.08974358974358974,0.5339805825242718,0.935064935064935,0.8888888888888888,0.5454545454545454,1.0,0.9767441860465116,0.06299212598425197,0.45365853658536587,0.9679144385026738,0.20833333333333334,0.9,0.1111111111111111,0.08571428571428572,0.9887323943661972,0.0625,0.52
GTEX-13PVQ-3026-SM-5SI93,GTEX-13PVQ,0.26582278481012656,0.35766423357664234,0.18498659517426275,0.9298892988929889,0.6842105263157895,0.21649484536082475,0.9759036144578314,0.865546218487395,0.3523809523809524,0.334916864608076,0.9157894736842105,0.21052631578947367,0.9310344827586207,0.11764705882352941,0.29411764705882354,0.9374068554396423,0.45454545454545453,0.7297297297297297
GTEX-N7MS-0008-SM-4E3JI,GTEX-N7MS,0.48148148148148145,0.4533333333333333,0.04197530864197531,0.8124436429215509,0.38144329896907214,1.0,0.7621951219512195,0.4411764705882353,0.7588652482269503,0.8246575342465754,0.10816777041942605,0.7831325301204819,0.4074074074074074,0.35609756097560974,0.052789217521527515,0.016778523489932886,0.5555555555555556,0.25
GTEX-N7MS-0011-R10A-SM-2HMJK,GTEX-N7MS,0.9545454545454546,0.23381770145310435,0.26448362720403024,0.972181551976574,0.7808219178082192,0.16853932584269662,0.94,0.9596412556053812,0.13829787234042554,0.3855421686746988,0.9741935483870968,0.0967741935483871,0.8260869565217391,0.10144927536231885,0.11538461538461539,0.9836065573770492,0.18181818181818182,0.6666666666666666
GTEX-N7MS-0011-R11A-SM-2HMJS,GTEX-N7MS,0.972972972972973,0.14081145584725538,0.899641577060932,0.9868421052631579,0.8,0.08333333333333333,1.0,0.9864636209813875,0.015138023152270703,0.5298651252408478,0.9830508474576272,0.17857142857142858,0.9672131147540983,0.15,0.06666666666666667,0.9974565493853328,0.02912621359223301,0.8
GTEX-N7MS-0011-R1a-SM-2HMJG,GTEX-N7MS,0.6585365853658537,0.3836477987421384,0.18125,0.978891820580475,0.9322033898305084,0.30612244897959184,0.9,0.7777777777777778,0.1540983606557377,0.2804232804232804,0.9878048780487805,0.15555555555555556,0.8181818181818182,0.2,0.08433734939759036,0.9709762532981531,0.4461538461538462,0.40625
GTEX-N7MS-0011-R2a-SM-2HML6,GTEX-N7MS,0.7471264367816092,0.5310344827586206,0.17857142857142858,0.9537037037037037,0.8723404255319149,0.1780821917808219,0.8709677419354839,0.5882352941176471,0.24663677130044842,0.5185185185185185,0.9368421052631579,0.25925925925925924,0.7333333333333333,0.2413793103448276,0.15217391304347827,0.9813374805598756,0.6346153846153846,0.7560975609756098
GTEX-N7MS-0011-R3a-SM-33HC6,GTEX-N7MS,0.8198198198198198,0.21501340482573728,0.4309278350515464,0.9836937256292095,0.7202072538860104,0.088,0.9707317073170731,0.9555555555555556,0.06225165562913907,0.27479892761394104,0.9809523809523809,0.10714285714285714,0.8333333333333334,0.0481283422459893,0.12177121771217712,0.9865895953757226,0.17575757575757575,0.5409836065573771
GTEX-N7MS-0011-R4a-SM-2HMKW,GTEX-N7MS,0.1724137931034483,0.6470588235294118,0.1390728476821192,0.9623352165725048,0.9428571428571428,0.20481927710843373,0.974025974025974,0.6829268292682927,0.39473684210526316,0.40816326530612246,0.9285714285714286,0.12280701754385964,0.6190476190476191,0.3333333333333333,0.08333333333333333,0.9618208516886931,0.775,0.6296296296296297
GTEX-N7MS-0011-R5a-SM-2HMK8,GTEX-N7MS,0.43859649122807015,0.4632768361581921,0.11685116851168512,0.972972972972973,0.7815126050420168,0.15151515151515152,0.9495798319327731,0.8274509803921568,0.3619047619047619,0.2914012738853503,0.9420289855072463,0.1724137931034483,0.7391304347826086,0.2692307692307692,0.11020408163265306,0.9649831649831649,0.3146853146853147,0.6695652173913044
GTEX-N7MS-0011-R6a-SM-2HMJ4,GTEX-N7MS,0.7090909090909091,0.18904109589041096,0.3939393939393939,0.974726200505476,0.7464788732394366,0.046511627906976744,1.0,0.9479166666666666,0.2702702702702703,0.18843683083511778,0.9490909090909091,0.11764705882352941,0.6956521739130435,0.15384615384615385,0.17073170731707318,0.9808558558558559,0.21904761904761905,0.5686274509803921
GTEX-N7MS-0011-R7a-SM-2HMKN,GTEX-N7MS,0.34615384615384615,0.4594594594594595,0.14776632302405499,0.948509485094851,0.84,0.30612244897959184,0.9473684210526315,0.7551020408163265,0.4875,0.3789649415692821,0.9069767441860465,0.22448979591836735,0.76,0.21212121212121213,0.19576719576719576,0.9161425576519916,0.5111111111111111,0.8709677419354839
GTEX-N7MS-0011-R8a-SM-2YUMK,GTEX-N7MS,0.28205128205128205,0.76,0.061224489795918366,0.9134860050890585,0.8823529411764706,0.30337078651685395,0.8823529411764706,0.5483870967741935,0.41714285714285715,0.44398340248962653,0.75,0.23943661971830985,0.6981132075471698,0.47368421052631576,0.2936170212765957,0.9411764705882353,0.875,0.4426229508196721
GTEX-N7MS-0126-SM-3TW8O,GTEX-N7MS,0.058823529411764705,0.0967741935483871,0.7533039647577092,0.9122257053291536,0.02681992337164751,0.4,1.0,0.4166666666666667,0.041584158415841586,0.12056737588652482,0.7100591715976331,0.07865168539325842,0.02286902286902287,0.03056768558951965,0.22727272727272727,0.21898928024502298,0.16923076923076924,0.2558139534883721
GTEX-N7MS-0326-SM-4E3K2,GTEX-N7MS,0.5892857142857143,0.7037037037037037,0.06336088154269973,0.45123537061118335,0.3559322033898305,0.7659574468085106,0.9222222222222223,0.4406779661016949,0.7518610421836228,0.894,0.14074074074074075,0.8297872340425532,0.7017543859649122,0.4157303370786517,0.2739273927392739,0.4473684210526316,0.654320987654321,0.6904761904761905
GTEX-N7MS-0426-SM-2YUN6,GTEX-N7MS,0.9773584905660377,0.9545454545454546,0.0,0.014965986394557823,1.0,0.9904761904761905,0.9622641509433962,0.8536585365853658,0.9402985074626866,0.9469026548672567,0.7213930348258707,1.0,1.0,0.8958333333333334,0.29411764705882354,0.5121951219512195,0.9809523809523809,0.9565217391304348
GTEX-N7MS-0526-SM-4E3JP,GTEX-N7MS,0.5319148936170213,0.859375,0.008960573476702509,0.3407202216066482,0.6486486486486487,0.5035128805620609,0.9555555555555556,0.19607843137254902,0.8167539267015707,0.5913591359135913,0.3404255319148936,0.7090909090909091,0.8666666666666667,0.3176470588235294,0.12709030100334448,0.8108831400535237,0.95,0.9107142857142857
GTEX-N7MS-0626-SM-2YUN7,GTEX-N7MS,0.8330434782608696,0.7963636363636364,0.007042253521126761,0.3333333333333333,0.6164383561643836,0.9340885684860968,0.8972332015810277,0.8758620689655172,0.8947368421052632,0.9569298729983434,0.075,0.8387096774193549,0.5327102803738317,0.8494623655913979,0.8131393498522391,0.3136094674556213,0.5272727272727272,0.7837837837837838
GTEX-N7MS-0826-SM-2HML4,GTEX-N7MS,0.41605839416058393,0.8507462686567164,0.004830917874396135,0.027535258562793822,0.9384615384615385,0.9166666666666666,0.7971014492753623,0.36082474226804123,0.8849557522123894,0.9716666666666667,0.41818181818181815,0.8235294117647058,0.5555555555555556,0.8,0.25806451612903225,0.47337278106508873,0.9050847457627119,0.7333333333333333
GTEX-N7MS-0926-SM-2HMIZ,GTEX-N7MS,0.3617021276595745,0.2982456140350877,0.20441988950276244,0.33940774487471526,0.30158730158730157,0.8604651162790697,0.5887850467289719,0.3411764705882353,0.32603938730853393,0.6022620169651273,0.3153153153153153,0.36585365853658536,0.3333333333333333,0.65,0.189873417721519,0.33714285714285713,0.2962962962962963,0.7777777777777778
GTEX-N7MS-1126-SM-3LK5E,GTEX-N7MS,0.7288135593220338,1.0,0.0,0.40902872777017785,0.3023255813953488,0.9393939393939394,0.7419354838709677,0.5428571428571428,0.8023715415019763,0.9333333333333333,0.2146118721461187,1.0,0.44,0.78125,0.2864583333333333,0.6588486140724946,0.6571428571428571,0.20833333333333334
GTEX-N7MS-1225-SM-3LK5G,GTEX-N7MS,0.627906976744186,1.0,0.006369426751592357,0.4654586636466591,0.3333333333333333,0.9340659340659341,0.8181818181818182,0.4716981132075472,0.8468468468468469,0.8357289527720739,0.14666666666666667,0.7446808510638298,0.9259259259259259,0.8947368421052632,0.6689655172413793,0.49714285714285716,0.4766355140186916,0.8048780487804879
GTEX-N7MS-2326-SM-2HMLD,GTEX-N7MS,0.7791411042944786,0.3253012048192771,0.3446676970633694,0.7311361665221162,0.2926829268292683,0.76,0.4228187919463087,0.3793103448275862,0.38926174496644295,0.5910629654705484,0.1320754716981132,0.41025641025641024,0.5185185185185185,0.4336283185840708,0.2211404728789986,0.525,0.29411764705882354,0.3333333333333333
GTEX-N7MS-2625-SM-3LK77,GTEX-N7MS,0.7380952380952381,0.0,0.6179775280898876,0.95260663507109,0.23076923076923078,0.1111111111111111,0.56,0.4,0.12781954887218044,0.18415841584158416,0.3142857142857143,0.3770491803278688,0.625,0.14814814814814814,0.16666666666666666,0.8851963746223565,0.0,0.0
GTEX-NPJ8-0011-R10A-SM-2YUMO,GTEX-NPJ8,0.38028169014084506,0.1890547263681592,0.2535211267605634,0.965675057208238,0.6721311475409836,0.0703125,1.0,0.8596491228070176,0.26931106471816285,0.24315068493150685,0.9545454545454546,0.12903225806451613,0.55,0.08695652173913043,0.09401709401709402,0.9947609692206941,0.14285714285714285,0.41025641025641024
GTEX-NPJ8-0011-R11A-SM-2YUMS,GTEX-NPJ8,0.9406307977736549,0.037520391517128875,0.6626506024096386,0.963855421686747,0.7714285714285715,0.14285714285714285,1.0,0.9733036707452726,0.05362776025236593,0.31636363636363635,0.9734513274336283,0.12962962962962962,0.6129032258064516,0.14035087719298245,0.19540229885057472,0.9960886571056062,0.022222222222222223,0.4375
GTEX-NPJ8-0011-R1a-SM-33HCB,GTEX-NPJ8,0.28125,0.4915254237288136,0.03731343283582089,0.8919449901768173,0.855072463768116,0.20618556701030927,0.9836065573770492,0.18181818181818182,0.5823293172690763,0.4032983508245877,0.7761194029850746,0.1111111111111111,0.352112676056338,0.18604651162790697,0.09433962264150944,0.9223300970873787,0.6774193548387096,0.8431372549019608
GTEX-NPJ8-0011-R2a-SM-2TC6M,GTEX-NPJ8,0.17073170731707318,0.41333333333333333,0.034013605442176874,0.8656330749354005,0.7777777777777778,0.24242424242424243,0.813953488372093,0.12,0.6036036036036037,0.46987951807228917,0.627906976744186,0.13333333333333333,0.5,0.2631578947368421,0.20261437908496732,0.9069767441860465,0.6666666666666666,0.8
GTEX-NPJ8-0011-R3a-SM-2HMIW,GTEX-NPJ8,0.391304347826087,0.4213197969543147,0.06930693069306931,0.8994307400379506,0.6842105263157895,0.10780669144981413,0.9482758620689655,0.5700934579439252,0.4489402697495183,0.383399209486166,0.8315789473684211,0.06329113924050633,0.6578947368421053,0.16666666666666666,0.2948328267477204,0.9510939510939511,0.7428571428571429,0.5737704918032787
GTEX-NPJ8-0011-R4a-SM-2HML3,GTEX-NPJ8,0.06896551724137931,0.4198473282442748,0.053763440860215055,0.8879456706281834,1.0,0.11578947368421053,1.0,0.3770491803278688,0.6033755274261603,0.2926391382405745,0.8198198198198198,0.05263157894736842,0.6551724137931034,0.2903225806451613,0.08108108108108109,0.9584120982986768,0.45454545454545453,0.7916666666666666
GTEX-NPJ8-0011-R5a-SM-2HMJY,GTEX-NPJ8,0.10588235294117647,0.25217391304347825,0.08355795148247978,0.9509043927648578,0.7741935483870968,0.06430155210643015,0.8740157480314961,0.23943661971830985,0.5631399317406144,0.2640449438202247,0.810126582278481,0.07407407407407407,0.45454545454545453,0.1836734693877551,0.061224489795918366,0.9695982627578719,0.35135135135135137,0.5752212389380531
GTEX-NPJ8-0011-R6a-SM-2HMKB,GTEX-NPJ8,0.45614035087719296,0.16753926701570682,0.26501766784452296,0.945127719962157,0.5942028985507246,0.022222222222222223,0.9338842975206612,0.7752808988764045,0.39204545454545453,0.16834170854271358,0.9548872180451128,0.08,0.4,0.14285714285714285,0.07407407407407407,0.9880434782608696,0.06382978723404255,0.3333333333333333
GTEX-NPJ8-0011-R7a-SM-2HMJV,GTEX-NPJ8,0.11475409836065574,0.4482758620689655,0.10382513661202186,0.9275862068965517,0.7058823529411765,0.10679611650485436,0.8571428571428571,0.5061728395061729,0.6724137931034483,0.348993288590604,0.8043478260869565,0.2682926829268293,0.5,0.16666666666666666,0.06896551724137931,0.9642857142857143,0.5,0.6363636363636364
GTEX-NPJ8-0011-R8a-SM-2HMLG,GTEX-NPJ8,0.4166666666666667,0.07715582450832073,0.2138728323699422,0.9769696969696969,0.4772727272727273,0.042105263157894736,0.9661016949152542,0.34615384615384615,0.2772808586762075,0.2,0.8559322033898306,0.1794871794871795,0.7931034482758621,0.15151515151515152,0.007633587786259542,0.9901768172888016,0.1780821917808219,0.8507462686567164
GTEX-NPJ8-0011-R9a-SM-2YUN5,GTEX-NPJ8,0.23076923076923078,0.4772727272727273,0.1013215859030837,0.9284552845528455,0.6785714285714286,0.15151515151515152,0.8181818181818182,0.21428571428571427,0.3153153153153153,0.40585774058577406,0.7777777777777778,0.14285714285714285,0.6811594202898551,0.3333333333333333,0.2112676056338028,0.9529411764705882,0.95,0.6666666666666666
GTEX-NPJ8-0126-SM-2YUNR,GTEX-NPJ8,0.803921568627451,0.2222222222222222,0.26666666666666666,0.808695652173913,0.6,1.0,0.19230769230769232,0.3684210526315789,0.2911392405063291,0.5867768595041323,0.06666666666666667,0.46153846153846156,0.2,0.28205128205128205,0.46987951807228917,0.5057471264367817,0.25,0.5555555555555556
GTEX-NPJ8-0226-SM-48TBN,GTEX-NPJ8,0.5126050420168067,0.41935483870967744,0.02092050209205021,0.5733590733590733,0.5813953488372093,0.7464788732394366,0.6934306569343066,0.2396694214876033,0.6578947368421053,0.8923766816143498,0.25,0.5,0.5876288659793815,0.2631578947368421,0.15827338129496402,0.55,0.6,0.7647058823529411
GTEX-NPJ8-0426-SM-2HMK6,GTEX-NPJ8,0.13761467889908258,0.8095238095238095,0.09090909090909091,0.035821711785616626,0.7551020408163265,0.8857142857142857,0.8620689655172413,0.08,0.8829787234042553,0.9625550660792952,0.7377049180327869,0.6,0.6666666666666666,0.8762886597938144,0.35185185185185186,0.6746411483253588,0.9739413680781759,0.7307692307692307
GTEX-NPJ8-0526-SM-3MJHN,GTEX-NPJ8,0.7862595419847328,0.7769516728624535,0.012048192771084338,0.4896551724137931,0.6666666666666666,0.9136442141623489,0.7380952380952381,0.6701030927835051,0.8333333333333334,0.9736668861092824,0.05747126436781609,0.7684210526315789,0.8709677419354839,0.8205128205128205,0.8046407185628742,0.3090909090909091,0.6492537313432836,0.5217391304347826
GTEX-NPJ8-1326-SM-3LK6B,GTEX-NPJ8,0.7752161383285303,0.6666666666666666,0.005649717514124294,0.6952908587257618,0.8823529411764706,0.49213483146067416,0.7464788732394366,0.25217391304347825,0.8686131386861314,0.7506172839506173,0.3972602739726027,0.7317073170731707,0.9565217391304348,0.6814159292035398,0.4642313546423135,0.5635792778649922,0.4782608695652174,0.59375
GTEX-NPJ8-1426-SM-3MJHR,GTEX-NPJ8,0.7468354430379747,0.05,0.8256880733944955,0.9401947148817803,0.047619047619047616,0.06382978723404255,0.4948453608247423,0.22033898305084745,0.04591104734576758,0.1844029244516653,0.19375,0.26881720430107525,0.5368421052631579,0.09090909090909091,0.047619047619047616,0.9551451187335093,0.02631578947368421,0.05555555555555555
GTEX-NPJ8-1726-SM-2YUNB,GTEX-NPJ8,0.4909090909090909,0.6893203883495146,0.0,0.5562218890554723,0.8571428571428571,0.5584988962472406,0.9096045197740112,0.047619047619047616,0.8426395939086294,0.5783289817232375,0.38197424892703863,0.4838709677419355,0.6571428571428571,0.32608695652173914,0.09225092250922509,0.8599221789883269,0.9104477611940298,0.8952380952380953
GTEX-NPJ8-1826-SM-2YUNC,GTEX-NPJ8,0.6442687747035574,0.6681614349775785,0.0,0.7204658901830283,0.7608695652173914,0.8697813121272365,0.7421875,0.5280898876404494,0.923728813559322,0.9869067103109657,0.1206896551724138,0.7687861271676301,0.8734177215189873,0.6641221374045801,0.8267308404294705,0.2424778761061947,0.5588235294117647,0.6493506493506493
GTEX-NPJ8-1926-SM-3MJGB,GTEX-NPJ8,0.9,0.11578947368421053,0.2231404958677686,0.9746397694524496,0.09523809523809523,0.6666666666666666,0.1010752688172043,0.06896551724137931,0.19411764705882353,0.35972461273666095,0.10101010101010101,0.10638297872340426,0.13513513513513514,0.18840579710144928,0.2457627118644068,0.19850187265917604,0.22807017543859648,0.3333333333333333
GTEX-NPJ8-2026-SM-3TW91,GTEX-NPJ8,0.6271186440677966,0.5576923076923077,0.003389830508474576,0.6879432624113475,0.6,0.7202380952380952,0.855072463768116,0.18181818181818182,0.8652575957727873,0.9373368146214099,0.20306513409961685,0.6344086021505376,0.8461538461538461,0.775,0.6065573770491803,0.6303972366148531,0.7037037037037037,0.5172413793103449
GTEX-NPJ8-2126-SM-3MJGK,GTEX-NPJ8,0.9768115942028985,0.06896551724137931,0.6,0.9524348810872028,0.22580645161290322,0.6842105263157895,0.1346153846153846,0.0,0.08695652173913043,0.4352078239608802,0.10204081632653061,0.05714285714285714,0.22,0.027777777777777776,0.25,0.3333333333333333,0.04918032786885246,0.01098901098901099
GTEX-NPJ8-2226-SM-3TW8D,GTEX-NPJ8,0.5254237288135594,0.11764705882352941,0.2857142857142857,0.9580272822665268,0.2631578947368421,0.75,0.6170212765957447,0.10344827586206896,0.4690265486725664,0.9311531841652324,0.2558139534883721,0.3125,0.23809523809523808,0.2459016393442623,0.11312217194570136,0.40860215053763443,0.4222222222222222,0.07692307692307693
GTEX-NPJ8-2426-SM-3MJHL,GTEX-NPJ8,0.7582417582417582,0.8082191780821918,0.0199203187250996,0.6398390342052314,0.5918367346938775,0.8626262626262626,0.7755102040816326,0.5384615384615384,0.8176943699731903,0.9744552967693464,0.14563106796116504,0.620253164556962,0.8252427184466019,0.825,0.6229971724787936,0.43209876543209874,0.5094339622641509,0.7333333333333333
GTEX-Q2AG-0008-SM-48U2K,GTEX-Q2AG,0.8095238095238095,0.7647058823529411,0.03954802259887006,0.41397288842544316,0.28888888888888886,1.0,0.25,0.864406779661017,0.8661257606490872,0.9374217772215269,0.06923076923076923,0.6666666666666666,0.3333333333333333,0.08045977011494253,0.014563106796116505,0.0,0.7530864197530864,0.5
GTEX-Q2AG-0011-R10A-SM-2HMLA,GTEX-Q2AG,0.696969696969697,0.1989100817438692,0.2955665024630542,0.9747327502429544,0.9058823529411765,0.03409090909090909,0.9727272727272728,0.9526530612244898,0.18208955223880596,0.38411316648531013,0.9463806970509383,0.11864406779661017,1.0,0.03125,0.07216494845360824,0.9905178701677607,0.06172839506172839,0.4782608695652174
GTEX-Q2AG-0011-R11A-SM-2HMKZ,GTEX-Q2AG,0.9385113268608414,0.1339155749636099,0.7402597402597403,0.9762962962962963,0.7204301075268817,0.024096385542168676,0.9807692307692307,0.9639297579496915,0.04627766599597585,0.4973637961335677,0.990909090909091,0.21904761904761905,1.0,0.04950495049504951,0.09722222222222222,0.9937670432411375,0.0975609756097561,0.75
GTEX-Q2AG-0011-R1A-SM-2HMJI,GTEX-Q2AG,0.5405405405405406,0.21085594989561587,0.1905781584582441,0.9719887955182073,0.7083333333333334,0.16455696202531644,0.9076923076923077,0.8254545454545454,0.215311004784689,0.24050632911392406,0.9840637450199203,0.15,0.9411764705882353,0.14893617021276595,0.22916666666666666,0.9756493506493507,0.38461538461538464,0.3018867924528302
GTEX-Q2AG-0011-R2A-SM-2HMIT,GTEX-Q2AG,0.7358490566037735,0.6836158192090396,0.1065989847715736,0.9329421626152556,0.8641975308641975,0.15702479338842976,0.9111111111111111,0.5588235294117647,0.2868217054263566,0.6236686390532544,0.8918918918918919,0.1346153846153846,0.8360655737704918,0.14814814814814814,0.17647058823529413,0.9771771771771772,0.8695652173913043,0.5
GTEX-Q2AG-0011-R3A-SM-2HMJ9,GTEX-Q2AG,0.7555555555555555,0.19425837320574163,0.3333333333333333,0.9689578713968958,0.8095238095238095,0.02631578947368421,0.948051948051948,0.9278779472954231,0.1831831831831832,0.21282798833819241,0.9624060150375939,0.2,0.8823529411764706,0.0,0.08860759493670886,0.9939546599496222,0.10204081632653061,0.4230769230769231
GTEX-Q2AG-0011-R4A-SM-2HMKA,GTEX-Q2AG,0.4153846153846154,0.2107843137254902,0.20099255583126552,0.9630484988452656,0.8666666666666667,0.06666666666666667,0.9420289855072463,0.8909853249475891,0.2924791086350975,0.18840579710144928,0.9581589958158996,0.14285714285714285,0.8461538461538461,0.01694915254237288,0.16049382716049382,0.9882766705744431,0.4375,0.5652173913043478
GTEX-Q2AG-0011-R5A-SM-2HMJH,GTEX-Q2AG,0.3277310924369748,0.3080357142857143,0.1629013079667063,0.9597747385358005,0.7906976744186046,0.058823529411764705,1.0,0.9133333333333333,0.387434554973822,0.1950354609929078,0.9195046439628483,0.23232323232323232,0.631578947368421,0.043478260869565216,0.0847457627118644,0.9858942065491184,0.13178294573643412,0.6666666666666666
GTEX-Q2AG-0011-R6A-SM-2HML7,GTEX-Q2AG,0.4032258064516129,0.29124236252545826,0.19903498190591074,0.9619047619047619,0.6989247311827957,0.043478260869565216,0.9558823529411765,0.9523809523809523,0.3544973544973545,0.22895622895622897,0.9516616314199395,0.20967741935483872,0.8333333333333334,0.058823529411764705,0.1111111111111111,0.9794050343249427,0.2,0.7052631578947368
GTEX-Q2AG-0011-R7A-SM-2HMJP,GTEX-Q2AG,0.34328358208955223,0.4215686274509804,0.12101910828025478,0.9698492462311558,0.9230769230769231,0.1282051282051282,0.875,0.7869822485207101,0.310126582278481,0.36550060313630883,0.9090909090909091,0.13924050632911392,0.7391304347826086,0.10526315789473684,0.1141552511415525,0.9412550066755674,0.5,0.5625
GTEX-Q2AG-0011-R8A-SM-2HMK5,GTEX-Q2AG,0.5463917525773195,0.41116751269035534,0.0778816199376947,0.9561707035755479,0.7704918032786885,0.0975609756097561,0.8867924528301887,0.40625,0.3159851301115242,0.4637223974763407,0.8923076923076924,0.09090909090909091,0.6774193548387096,0.28,0.07272727272727272,0.9789196310935442,0.6666666666666666,0.4583333333333333
GTEX-Q2AG-0011-R9A-SM-2HMJ6,GTEX-Q2AG,0.2727272727272727,0.8315789473684211,0.07333333333333333,0.8628158844765343,0.8490566037735849,0.03875968992248062,0.76,0.5333333333333333,0.3333333333333333,0.4900662251655629,0.8260869565217391,0.2727272727272727,0.8,0.16666666666666666,0.1044776119402985,0.9606126914660832,0.9583333333333334,0.6428571428571429
GTEX-Q2AG-0126-SM-33HBV,GTEX-Q2AG,0.9182879377431906,0.19823788546255505,0.17603911980440098,0.7098121085594989,0.05785123966942149,0.7058823529411765,0.4049586776859504,0.5172413793103449,0.4230769230769231,0.5261599210266535,0.10476190476190476,0.7435897435897436,0.3532934131736527,0.07878787878787878,0.19001919385796545,0.279320987654321,0.3582089552238806,0.34615384615384615
GTEX-Q2AG-0226-SM-2S1P4,GTEX-Q2AG,0.8125,0.6666666666666666,0.03508771929824561,0.4967741935483871,0.2,0.5409836065573771,0.8666666666666667,0.5384615384615384,0.78,0.9166666666666666,0.12727272727272726,0.7037037037037037,0.4666666666666667,0.16666666666666666,0.13725490196078433,0.5225806451612903,0.7078651685393258,0.6666666666666666
GTEX-Q2AG-0326-SM-48U1O,GTEX-Q2AG,0.797752808988764,0.39622641509433965,0.14984709480122324,0.6569678407350689,0.14754098360655737,0.9375,0.5384615384615384,0.5,0.3711340206185567,0.7122302158273381,0.13333333333333333,0.5135135135135135,0.47619047619047616,0.061224489795918366,0.23595505617977527,0.6085790884718498,0.275,0.13114754098360656
GTEX-Q2AG-0426-SM-2S1PU,GTEX-Q2AG,0.975609756097561,0.8947368421052632,0.0,0.009596928982725527,1.0,0.9782608695652174,0.7857142857142857,1.0,0.9304347826086956,0.9900990099009901,0.5966386554621849,1.0,1.0,0.9574468085106383,0.7073170731707317,0.6666666666666666,1.0,0.9716312056737588
GTEX-Q2AG-0526-SM-2S1PW,GTEX-Q2AG,0.6076923076923076,0.7354497354497355,0.0,0.7133258678611423,0.5474452554744526,0.8984771573604061,0.8859315589353612,0.8360655737704918,0.8022813688212928,0.957624175060785,0.14553990610328638,0.8571428571428571,0.6790123456790124,0.42857142857142855,0.8849526481936163,0.050505050505050504,0.4986225895316804,0.5777777777777777
GTEX-Q2AG-0626-SM-2S1PV,GTEX-Q2AG,0.35802469135802467,0.7878787878787878,0.0,0.5752895752895753,0.5833333333333334,0.5761589403973509,0.9,0.29411764705882354,0.7232704402515723,0.67007299270073,0.35947712418300654,0.6086956521739131,0.7333333333333333,0.08235294117647059,0.11560693641618497,0.6655172413793103,0.9285714285714286,0.7543859649122807
GTEX-Q2AG-0826-SM-2HMKF,GTEX-Q2AG,0.7898832684824902,0.16071428571428573,0.6448598130841121,0.8890010090817356,0.29292929292929293,0.3333333333333333,0.3008130081300813,0.46153846153846156,0.15846994535519127,0.685370741482966,0.1676300578034682,0.14285714285714285,0.38333333333333336,0.075,0.1680327868852459,0.49498327759197325,0.2542372881355932,0.21875
GTEX-Q2AG-0926-SM-48U1Q,GTEX-Q2AG,0.9385342789598109,0.8571428571428571,0.02512562814070352,0.1873015873015873,0.6285714285714286,0.8879310344827587,0.9375,0.9056603773584906,0.8211382113821138,0.9857723577235772,0.13286713286713286,0.9354838709677419,0.6896551724137931,0.30158730158730157,0.7282361847085541,0.23582089552238805,0.5955056179775281,0.5217391304347826
GTEX-Q2AG-1026-SM-33HBW,GTEX-Q2AG,0.3465346534653465,0.4129353233830846,0.20650406504065041,0.2891832229580574,0.07602339181286549,0.8928571428571429,0.2914285714285714,0.21076233183856502,0.20621225194132872,0.6805922792173453,0.16932907348242812,0.36585365853658536,0.10236220472440945,0.11888111888111888,0.21285140562248997,0.24437299035369775,0.21052631578947367,0.37037037037037035
GTEX-Q2AG-1126-SM-48U1P,GTEX-Q2AG,0.9890710382513661,1.0,0.0,0.9448732083792724,0.7142857142857143,1.0,0.75,0.08333333333333333,0.3372093023255814,0.9496221662468514,0.13333333333333333,0.2857142857142857,0.7142857142857143,0.125,0.13513513513513514,0.17073170731707318,0.25,0.18181818181818182
GTEX-Q2AG-1226-SM-4GICA,GTEX-Q2AG,0.7058823529411765,0.6438356164383562,0.00510204081632653,0.5753646677471637,0.7142857142857143,0.8528428093645485,0.937984496124031,0.808,0.864406779661017,0.9311663479923518,0.17012448132780084,0.896551724137931,0.8181818181818182,0.47540983606557374,0.8867757629367536,0.5609756097560976,0.3793103448275862,0.7636363636363637
GTEX-Q2AG-1326-SM-43V8K,GTEX-Q2AG,0.9012345679012346,0.03333333333333333,0.36401673640167365,0.764,0.030303030303030304,1.0,0.13793103448275862,0.16666666666666666,0.04375,0.21335807050092764,0.12637362637362637,0.041666666666666664,0.05263157894736842,0.07142857142857142,0.5263157894736842,0.15536105032822758,0.04854368932038835,0.3333333333333333
GTEX-Q2AG-2826-SM-2HMJQ,GTEX-Q2AG,0.9523809523809523,0.13801452784503632,0.7391304347826086,0.9712918660287081,0.7142857142857143,0.0625,0.9512195121951219,0.9926672777268561,0.031914893617021274,0.5014005602240896,0.9896907216494846,0.1111111111111111,0.8823529411764706,0.0,0.05263157894736842,0.9955979457079971,0.2549019607843137,0.8064516129032258
GTEX-Q2AG-2926-SM-2HMJ3,GTEX-Q2AG,0.5223880597014925,0.17180616740088106,0.16,0.9720767888307156,0.6666666666666666,0.05263157894736842,1.0,0.952,0.2366412213740458,0.3568904593639576,0.9459459459459459,0.047619047619047616,0.8518518518518519,0.08695652173913043,0.2,0.9887514060742407,0.24324324324324326,0.6551724137931034
GTEX-Q2AG-3026-SM-48U1L,GTEX-Q2AG,0.8,0.07692307692307693,0.8695652173913043,0.9592814371257485,0.23076923076923078,1.0,0.48717948717948717,0.40540540540540543,0.025236593059936908,0.1622103386809269,0.2903225806451613,0.42105263157894735,0.7058823529411765,0.01639344262295082,0.1320754716981132,0.9693486590038314,0.09090909090909091,0.3333333333333333
GTEX-RU72-0006-SM-2TF65,GTEX-RU72,0.25,0.0,0.95,0.8947368421052632,0.01639344262295082,1.0,1.0,0.05555555555555555,0.023255813953488372,0.044444444444444446,0.6302521008403361,0.5789473684210527,0.06666666666666667,0.12195121951219512,0.3333333333333333,0.3939393939393939,,1.0
GTEX-RU72-0008-SM-46MV8,GTEX-RU72,0.8681318681318682,0.70625,0.006934812760055479,0.27419354838709675,0.5,0.7777777777777778,0.7677053824362606,0.6836158192090396,0.8828828828828829,0.9436008676789588,0.08152173913043478,0.8113207547169812,0.41935483870967744,0.5393939393939394,0.015503875968992248,0.032846715328467155,0.75,1.0
GTEX-RU72-0011-R2A-SM-2TF6O,GTEX-RU72,0.625,0.7647058823529411,0.12,0.948948948948949,0.9310344827586207,0.22580645161290322,1.0,0.09090909090909091,0.36936936936936937,0.5652173913043478,1.0,0.3333333333333333,0.5555555555555556,0.058823529411764705,0.4583333333333333,0.9230769230769231,1.0,0.625
GTEX-RU72-0011-R5A-SM-2TF6U,GTEX-RU72,0.27586206896551724,0.3805309734513274,0.13675213675213677,0.9476439790575916,0.6551724137931034,0.1485148514851485,0.8918918918918919,0.9591836734693877,0.5970149253731343,0.27761194029850744,0.9724137931034482,0.06666666666666667,0.7333333333333333,0.25,0.1875,0.976905311778291,0.2777777777777778,0.8064516129032258
GTEX-RU72-0011-R6A-SM-2TF71,GTEX-RU72,0.2,0.4222222222222222,0.06748466257668712,0.9457202505219207,0.8823529411764706,0.3103448275862069,1.0,0.6896551724137931,0.4666666666666667,0.3089700996677741,0.9436619718309859,0.38461538461538464,1.0,0.5714285714285714,0.1076923076923077,0.953307392996109,0.41935483870967744,0.4782608695652174
GTEX-RU72-0011-R7A-SM-2TF5U,GTEX-RU72,0.18518518518518517,0.5652173913043478,0.08411214953271028,0.9507829977628636,1.0,0.0,1.0,1.0,0.6078431372549019,0.3170731707317073,1.0,0.2727272727272727,0.6666666666666666,0.0,0.2602739726027397,0.8896551724137931,0.8181818181818182,0.625
GTEX-RU72-0011-R8A-SM-2TF61,GTEX-RU72,0.6727272727272727,0.12244897959183673,0.2558139534883721,0.9676113360323887,0.6,0.16049382716049382,1.0,0.2727272727272727,0.2254335260115607,0.41708542713567837,0.9578947368421052,0.14285714285714285,0.6666666666666666,0.3333333333333333,0.2,0.9625,0.42857142857142855,0.8461538461538461
GTEX-RU72-0011-R9A-SM-2TF67,GTEX-RU72,0.2857142857142857,0.7333333333333333,0.04838709677419355,0.8702702702702703,0.8095238095238095,0.07246376811594203,1.0,0.2,0.39473684210526316,0.4576271186440678,0.75,0.10344827586206896,0.6923076923076923,0.5,0.15789473684210525,0.9302325581395349,0.9428571428571428,0.5384615384615384
GTEX-RU72-0126-SM-2TF6Z,GTEX-RU72,0.6237623762376238,0.3142857142857143,0.43005181347150256,0.7959183673469388,0.2727272727272727,0.9230769230769231,0.4434782608695652,0.31343283582089554,0.27918781725888325,0.6396396396396397,0.21739130434782608,0.3333333333333333,0.46153846153846156,0.48148148148148145,0.4050632911392405,0.4008097165991903,0.22033898305084745,0.4146341463414634
GTEX-RU72-0226-SM-46MUD,GTEX-RU72,0.6156583629893239,0.660377358490566,0.031578947368421054,0.6986951364175563,0.5789473684210527,0.8761061946902655,0.9047619047619048,0.46788990825688076,0.705685618729097,0.9383561643835616,0.10780669144981413,0.7014925373134329,0.6385542168674698,0.7846153846153846,0.5712143928035982,0.16756756756756758,0.34285714285714286,0.3114754098360656
GTEX-RU72-0326-SM-2TF5T,GTEX-RU72,0.41379310344827586,0.9753086419753086,0.023255813953488372,0.01632882882882883,0.9107142857142857,1.0,0.84,0.6,0.9248554913294798,0.9821656050955414,0.7793103448275862,0.92,0.8888888888888888,0.8987341772151899,0.3533834586466165,0.5351681957186545,0.9742268041237113,0.7285714285714285
GTEX-RU72-0526-SM-2TF5Z,GTEX-RU72,0.52,0.6363636363636364,0.5609756097560976,0.5405405405405406,0.20930232558139536,0.8604651162790697,0.5925925925925926,0.4,0.45054945054945056,0.5743589743589743,0.26153846153846155,0.5384615384615384,0.19047619047619047,0.375,0.2562814070351759,0.34375,0.2777777777777778,0.45454545454545453
GTEX-RU72-0626-SM-46MUI,GTEX-RU72,0.8100558659217877,0.3783783783783784,0.1813953488372093,0.7024793388429752,0.20987654320987653,0.6923076923076923,0.40703517587939697,0.15151515151515152,0.4600760456273764,0.7257769652650823,0.10112359550561797,0.4146341463414634,0.7971014492753623,0.5555555555555556,0.32642487046632124,0.6868131868131868,0.375,0.1
GTEX-RU72-0726-SM-46MUW,GTEX-RU72,0.8686131386861314,0.10606060606060606,0.32947976878612717,0.9653979238754326,0.1935483870967742,0.8888888888888888,0.08070175438596491,0.2727272727272727,0.15492957746478872,0.5041322314049587,0.12536443148688048,0.28125,0.08433734939759036,0.10112359550561797,0.24285714285714285,0.216,0.13580246913580246,0.3333333333333333
GTEX-RU72-0826-SM-46MUS,GTEX-RU72,0.6,0.8108108108108109,0.006622516556291391,0.6244725738396625,0.6296296296296297,0.9120234604105572,0.8275862068965517,0.7547169811320755,0.8770491803278688,0.936,0.1574074074074074,0.8415841584158416,0.7948717948717948,0.8842975206611571,0.9248956884561892,0.3553113553113553,0.28,0.7843137254901961
GTEX-RU72-0926-SM-2TF6B,GTEX-RU72,0.84251968503937,0.3230769230769231,0.2761904761904762,0.8556701030927835,0.07317073170731707,0.7142857142857143,0.39622641509433965,0.2571428571428571,0.2682926829268293,0.4788732394366197,0.08433734939759036,0.3684210526315789,0.13333333333333333,0.4444444444444444,0.59375,0.1652892561983471,0.09090909090909091,0.4358974358974359
GTEX-RU72-1026-SM-46MUG,GTEX-RU72,0.4913294797687861,0.6507936507936508,0.04377104377104377,0.5631768953068592,0.2727272727272727,0.765625,0.888268156424581,0.38144329896907214,0.7566137566137566,0.8080614203454894,0.2248062015503876,0.8313253012048193,0.5,0.5636363636363636,0.3651685393258427,0.3824130879345603,0.6271186440677966,0.7064220183486238
GTEX-RU72-1126-SM-2TF6H,GTEX-RU72,0.36585365853658536,0.8461538461538461,0.026455026455026454,0.4492753623188406,1.0,0.6703296703296703,0.9142857142857143,0.42857142857142855,0.7402597402597403,0.6653696498054474,0.35384615384615387,0.5,1.0,0.6,0.2198581560283688,0.8166666666666667,1.0,0.9259259259259259
GTEX-RU72-1226-SM-2TF6N,GTEX-RU72,0.8725925925925926,0.7454545454545455,0.034482758620689655,0.5216572504708098,0.7457627118644068,0.8811002661934338,0.8831168831168831,0.9207920792079208,0.9162303664921466,0.973561430793157,0.10179640718562874,0.9183673469387755,0.7872340425531915,0.9872611464968153,0.919103313840156,0.10666666666666667,0.3728813559322034,0.7485029940119761
GTEX-RU72-1326-SM-2TF6T,GTEX-RU72,0.9850746268656716,0.8367346938775511,0.02857142857142857,0.016683022571148183,0.9534883720930233,0.9752066115702479,0.7391304347826086,0.875,0.9487179487179487,0.9834254143646409,0.7631578947368421,1.0,1.0,0.9361702127659575,0.504424778761062,0.35,0.9746835443037974,0.9348837209302325
GTEX-RU72-1426-SM-46MUF,GTEX-RU72,0.9908675799086758,0.0,0.0967741935483871,0.9862174578866769,0.14285714285714285,0.6842105263157895,0.8,0.08,0.38961038961038963,0.9375,0.09090909090909091,0.23076923076923078,0.125,0.2903225806451613,0.08163265306122448,0.12195121951219512,0.0,0.10344827586206896
GTEX-RU72-2226-SM-46MUE,GTEX-RU72,0.5319148936170213,0.6830601092896175,0.007142857142857143,0.4491017964071856,0.3684210526315789,1.0,0.7777777777777778,0.3,0.8737541528239202,0.9078947368421053,0.23711340206185566,0.7454545454545455,0.8947368421052632,0.4772727272727273,0.039045553145336226,0.43703703703703706,0.5588673621460507,0.4583333333333333
GTEX-RU72-2926-SM-2TF66,GTEX-RU72,0.9344262295081968,0.1575091575091575,0.6376811594202898,0.9678714859437751,0.8421052631578947,0.09554140127388536,0.8933333333333333,0.9852476290832455,0.13432835820895522,0.4497816593886463,0.9408866995073891,0.2235294117647059,0.6190476190476191,0.12,0.3333333333333333,0.9760888129803587,0.11627906976744186,0.6585365853658537
GTEX-RU72-3126-SM-46MUB,GTEX-RU72,1.0,0.04132231404958678,0.8627450980392157,0.9447368421052632,0.15151515151515152,0.45454545454545453,0.6962025316455697,0.2972972972972973,0.05851063829787234,0.17040358744394618,0.3413173652694611,0.27586206896551724,0.6,0.2608695652173913,0.0,0.9872611464968153,0.0,0.2
GTEX-T5JC-0001-SM-3NMAK,GTEX-T5JC,0.2,0.0,0.96996996996997,0.9816091954022989,0.0,1.0,0.688715953307393,0.03529411764705882,0.006211180124223602,0.008403361344537815,0.4323873121869783,0.1165644171779141,0.09387755102040816,0.047619047619047616,0.2727272727272727,0.4732620320855615,0.058823529411764705,0.43859649122807015
GTEX-T5JC-0008-SM-4DM6A,GTEX-T5JC,0.75,0.7034068136272545,0.037800687285223365,0.3415929203539823,0.3793103448275862,0.5,0.6582633053221288,0.5167785234899329,0.8789625360230547,0.9636963696369637,0.09815950920245399,0.8392857142857143,0.5897435897435898,0.3284671532846715,0.01529051987767584,0.04411764705882353,0.6590909090909091,0.30434782608695654
GTEX-T5JC-0011-R10A-SM-32PM2,GTEX-T5JC,0.6952380952380952,0.1650273224043716,0.29974811083123426,0.9711769415532426,0.625,0.21212121212121213,0.9224806201550387,0.9524714828897338,0.18274111675126903,0.3168724279835391,0.959866220735786,0.13043478260869565,0.68,0.07142857142857142,0.30612244897959184,0.9909348441926346,0.12396694214876033,0.5609756097560976
GTEX-T5JC-0011-R11A-SM-32PMB,GTEX-T5JC,0.9505813953488372,0.09142318567389256,0.9272727272727272,0.9804241435562806,0.56,0.024390243902439025,0.9851851851851852,0.9768991559306974,0.016172506738544475,0.27017543859649124,0.9673202614379085,0.09302325581395349,0.9523809523809523,0.06796116504854369,0.08823529411764706,0.999059708509638,0.06451612903225806,0.45098039215686275
GTEX-T5JC-0011-R1A-SM-32PM6,GTEX-T5JC,0.6363636363636364,0.15789473684210525,0.34065934065934067,0.9649122807017544,0.9047619047619048,0.20833333333333334,0.7857142857142857,0.8571428571428571,0.19230769230769232,0.1779935275080906,0.9574468085106383,0.1111111111111111,0.3333333333333333,0.2,0.1566265060240964,0.9714285714285714,0.28,0.46153846153846156
GTEX-T5JC-0011-R2A-SM-32PLZ,GTEX-T5JC,0.3684210526315789,0.7021276595744681,0.059154929577464786,0.889196675900277,0.7922077922077922,0.09523809523809523,0.8857142857142857,0.4411764705882353,0.4537037037037037,0.48606811145510836,0.7480314960629921,0.2631578947368421,0.7142857142857143,0.25925925925925924,0.08333333333333333,0.9610705596107056,0.8225806451612904,0.41935483870967744
GTEX-T5JC-0011-R4A-SM-32PLT,GTEX-T5JC,0.13609467455621302,0.375609756097561,0.19226638023630505,0.9428950863213812,0.7288135593220338,0.1676300578034682,1.0,0.9127272727272727,0.43455497382198954,0.23133414932680538,0.8914027149321267,0.15789473684210525,0.5,0.03225806451612903,0.0743801652892562,0.9937369519832986,0.4222222222222222,0.6666666666666666
GTEX-T5JC-0011-R5A-SM-32PLK,GTEX-T5JC,0.2676056338028169,0.30158730158730157,0.1705685618729097,0.9539007092198581,0.5333333333333333,0.1282051282051282,0.8846153846153846,0.9619771863117871,0.23076923076923078,0.18760757314974183,0.9548022598870056,0.6,0.6521739130434783,0.09090909090909091,0.13793103448275862,0.9900497512437811,0.23333333333333334,0.4666666666666667
GTEX-T5JC-0011-R7A-SM-32PME,GTEX-T5JC,0.5064935064935064,0.44516129032258067,0.1984732824427481,0.9537210756722951,0.7021276595744681,0.11475409836065574,1.0,0.9386503067484663,0.325,0.24017467248908297,0.9350180505415162,0.07142857142857142,0.5789473684210527,0.15384615384615385,0.04827586206896552,0.9717586649550706,0.3049645390070922,0.6129032258064516
GTEX-T5JC-0011-R8A-SM-32PLM,GTEX-T5JC,0.7821782178217822,0.22694300518134716,0.40540540540540543,0.9717964438994482,0.6730769230769231,0.08771929824561403,0.9868421052631579,0.9561068702290076,0.12959381044487428,0.3290008123476848,0.9451371571072319,0.13513513513513514,0.9428571428571428,0.11827956989247312,0.12048192771084337,0.9943951424567959,0.08163265306122448,0.38095238095238093
GTEX-T5JC-0011-R9A-SM-32PLV,GTEX-T5JC,0.16326530612244897,0.7920792079207921,0.11654135338345864,0.6680613668061367,0.7888198757763976,0.29389312977099236,0.8518518518518519,0.44144144144144143,0.40404040404040403,0.5096234309623431,0.6551724137931034,0.17647058823529413,0.477124183006536,0.2903225806451613,0.4806924101198402,0.9649446494464945,0.8153846153846154,0.26582278481012656
GTEX-T5JC-0226-SM-32PMA,GTEX-T5JC,0.6899618805590851,0.8291457286432161,0.0,0.4117647058823529,0.7254901960784313,0.8910107126222636,0.9124579124579124,0.9772727272727273,0.9448818897637795,0.9763721388136845,0.1493212669683258,0.9574468085106383,0.8688524590163934,0.8018018018018018,0.9684353214562355,0.06719367588932806,0.5658362989323843,0.7251184834123223
GTEX-T5JC-0326-SM-4DM5C,GTEX-T5JC,0.8502793296089386,0.9130434782608695,0.007194244604316547,0.17180616740088106,0.7352941176470589,0.9232736572890026,0.8762886597938144,0.9041916167664671,0.9288537549407114,0.9749182115594329,0.11702127659574468,0.92,0.9560439560439561,0.7142857142857143,0.879394112603601,0.17391304347826086,0.5591397849462365,0.6774193548387096
GTEX-T5JC-0426-SM-32PLO,GTEX-T5JC,0.9459459459459459,0.1464968152866242,0.33980582524271846,0.8562367864693446,0.03571428571428571,0.7647058823529411,0.2582781456953642,0.37142857142857144,0.19480519480519481,0.3351063829787234,0.10869565217391304,0.6,0.08771929824561403,0.13333333333333333,0.2129032258064516,0.29914529914529914,0.01694915254237288,0.14285714285714285
GTEX-T5JC-0526-SM-32PM7,GTEX-T5JC,0.5876288659793815,0.6307692307692307,0.024390243902439025,0.31648936170212766,0.5,0.8781725888324873,0.7692307692307693,0.4260869565217391,0.7142857142857143,0.9394422310756972,0.24550898203592814,0.6666666666666666,0.8235294117647058,0.45454545454545453,0.4500846023688663,0.3498452012383901,0.48514851485148514,0.46153846153846156
GTEX-T5JC-0626-SM-3NMA6,GTEX-T5JC,0.9860788863109049,0.9215686274509803,0.017543859649122806,0.008132780082987552,0.963963963963964,0.9612903225806452,0.875,0.8888888888888888,0.9359605911330049,0.9891891891891892,0.8892405063291139,1.0,0.5714285714285714,0.92,0.3935483870967742,0.6455696202531646,0.9707317073170731,0.9210526315789473
GTEX-T5JC-0726-SM-4DM55,GTEX-T5JC,0.0,0.2857142857142857,0.4618834080717489,0.8947368421052632,0.03508771929824561,0.7333333333333333,0.7777777777777778,0.2857142857142857,0.08163265306122448,0.14163090128755365,0.7877984084880637,0.13043478260869565,0.030864197530864196,0.10869565217391304,0.15789473684210525,0.2621359223300971,0.22916666666666666,0.10344827586206896
GTEX-T5JC-0826-SM-32PMC,GTEX-T5JC,0.6326530612244898,0.7391304347826086,0.1625615763546798,0.570957095709571,0.35714285714285715,0.8805970149253731,0.6666666666666666,0.34285714285714286,0.5768535262206148,0.743549648162627,0.34615384615384615,0.4444444444444444,0.3225806451612903,0.27586206896551724,0.224283305227656,0.2716049382716049,0.3870967741935484,0.84
GTEX-T5JC-1226-SM-4DM7C,GTEX-T5JC,0.7087378640776699,0.9,0.0,0.5136268343815513,0.6521739130434783,0.9465875370919882,0.9666666666666667,0.8048780487804879,0.9054054054054054,0.9591836734693877,0.23076923076923078,0.8666666666666667,1.0,0.7647058823529411,0.808446455505279,0.2123076923076923,0.4520547945205479,0.8409090909090909
GTEX-T5JC-1526-SM-4DM68,GTEX-T5JC,0.4601226993865031,0.2,0.366120218579235,0.8953586497890296,0.0,0.5882352941176471,0.5,0.08108108108108109,0.2,0.6420361247947455,0.4,0.3333333333333333,0.13043478260869565,0.037037037037037035,0.08333333333333333,0.449438202247191,0.14754098360655737,0.09090909090909091
GTEX-T5JC-1726-SM-4DM6U,GTEX-T5JC,0.9142857142857143,0.21875,0.45695364238410596,0.9103448275862069,0.041666666666666664,0.9333333333333333,0.16483516483516483,0.23404255319148937,0.06698564593301436,0.39925373134328357,0.11553784860557768,0.3333333333333333,0.125,0.14285714285714285,0.766497461928934,0.22162162162162163,0.16176470588235295,0.5555555555555556
GTEX-T5JC-1826-SM-4DM6E,GTEX-T5JC,0.5462184873949579,0.7619047619047619,0.004830917874396135,0.4042207792207792,0.47368421052631576,0.9285714285714286,0.8529411764705882,0.7924528301886793,0.8378378378378378,0.893848009650181,0.3333333333333333,0.8867924528301887,0.9,0.7303370786516854,0.908908908908909,0.3890675241157556,0.4461538461538462,0.6268656716417911
GTEX-T5JC-1926-SM-4DM6Q,GTEX-T5JC,0.7477477477477478,0.7959183673469388,0.034482758620689655,0.3233082706766917,0.5,0.9331306990881459,0.8867924528301887,0.7662337662337663,0.7767441860465116,0.9166666666666666,0.22699386503067484,0.7837837837837838,0.8181818181818182,0.9047619047619048,0.8843094721619668,0.3230769230769231,0.4473684210526316,0.7281553398058253
GTEX-T5JC-2126-SM-32PMO,GTEX-T5JC,0.9017857142857143,0.4472361809045226,0.3221216041397154,0.6818181818181818,0.2807017543859649,0.9285714285714286,0.3333333333333333,0.330188679245283,0.30980392156862746,0.6321608040201006,0.22743682310469315,0.3877551020408163,0.620253164556962,0.29914529914529914,0.24495171202809482,0.5598705501618123,0.2558139534883721,0.264
GTEX-T5JC-2326-SM-32PMR,GTEX-T5JC,0.9587628865979382,0.07948717948717948,0.9250493096646942,0.9827089337175793,0.5555555555555556,0.012987012987012988,0.9809523809523809,0.9852173913043478,0.019851116625310174,0.30864197530864196,0.986870897155361,0.08235294117647059,1.0,0.12087912087912088,0.01818181818181818,0.9970588235294118,0.12121212121212122,0.5862068965517241
GTEX-T5JC-2426-SM-3NMDB,GTEX-T5JC,0.7398373983739838,0.1252408477842004,0.2818991097922849,0.9674074074074074,0.84375,0.1506849315068493,1.0,0.9405940594059405,0.0967741935483871,0.26285714285714284,0.9624217118997912,0.04,0.7627118644067796,0.047619047619047616,0.13636363636363635,0.993581514762516,0.14545454545454545,0.3333333333333333
GTEX-T5JC-2526-SM-4DM6G,GTEX-T5JC,0.8222222222222222,0.03225806451612903,0.7068965517241379,0.889795918367347,0.0,0.45454545454545453,0.49019607843137253,0.3548387096774194,0.08205128205128205,0.2484076433121019,0.3137254901960784,0.38461538461538464,0.5555555555555556,0.08571428571428572,0.1048951048951049,0.8396624472573839,0.06451612903225806,0.2727272727272727
GTEX-T6MN-0002-SM-3NMAH,GTEX-T6MN,0.3333333333333333,0.02857142857142857,0.9628252788104089,0.9951593384429205,0.07462686567164178,,0.9166666666666666,0.0,0.003875968992248062,0.013071895424836602,0.38858695652173914,0.078125,0.13178294573643412,0.07692307692307693,0.17647058823529413,0.1797752808988764,0.07692307692307693,0.6065573770491803
GTEX-T6MN-0005-SM-32PLJ,GTEX-T6MN,0.2,0.0,0.9090909090909091,0.9473684210526315,0.1111111111111111,1.0,0.3333333333333333,0.0,0.014925373134328358,0.03296703296703297,0.627906976744186,0.22727272727272727,0.05,0.23529411764705882,0.5555555555555556,0.4106280193236715,1.0,
GTEX-T6MN-0008-SM-4DM7H,GTEX-T6MN,0.9148936170212766,0.8237885462555066,0.023529411764705882,0.18944844124700239,0.3333333333333333,1.0,0.6119402985074627,0.625,0.9130434782608695,0.9663299663299664,0.07920792079207921,0.9452054794520548,0.5533980582524272,0.3888888888888889,0.024602026049204053,0.058365758754863814,0.6666666666666666,0.0
GTEX-T6MN-0011-R10A-SM-32QP7,GTEX-T6MN,0.8156028368794326,0.23593466424682397,0.45695364238410596,0.9833087874324987,0.74,0.07777777777777778,0.9699248120300752,0.953522149600581,0.11262798634812286,0.3860705073086844,0.9949622166246851,0.16279069767441862,1.0,0.04,0.08860759493670886,0.9919055649241146,0.12643678160919541,0.3805309734513274
GTEX-T6MN-0011-R11A-SM-32QOX,GTEX-T6MN,0.9406631762652705,0.16404494382022472,0.8816067653276956,0.9750889679715302,0.6730769230769231,0.007407407407407408,1.0,0.9796573875802997,0.037527593818984545,0.3741307371349096,0.9936305732484076,0.21428571428571427,1.0,0.42857142857142855,0.032679738562091505,0.9985601151907847,0.04040404040404041,0.7777777777777778
GTEX-T6MN-0011-R1A-SM-32QOY,GTEX-T6MN,0.7090909090909091,0.35714285714285715,0.20577617328519857,0.961081081081081,0.7,0.07042253521126761,0.9166666666666666,0.9367088607594937,0.2731182795698925,0.2755417956656347,0.9587628865979382,0.09090909090909091,0.7931034482758621,0.6065573770491803,0.3333333333333333,0.9974160206718347,0.42105263157894735,0.3181818181818182
GTEX-T6MN-0011-R2A-SM-32QOW,GTEX-T6MN,0.47651006711409394,0.5459459459459459,0.15210355987055016,0.9608695652173913,0.8490566037735849,0.10714285714285714,0.8260869565217391,0.375,0.40816326530612246,0.2996389891696751,0.9441340782122905,0.20689655172413793,0.5757575757575758,0.15789473684210525,0.02247191011235955,0.9648197009674582,0.36470588235294116,0.618421052631579
GTEX-T6MN-0011-R4A-SM-32QPG,GTEX-T6MN,0.23076923076923078,0.34782608695652173,0.1983640081799591,0.9240506329113924,0.6521739130434783,0.0958904109589041,0.6923076923076923,1.0,0.5782312925170068,0.2597402597402597,0.9583333333333334,0.42857142857142855,0.6363636363636364,0.08333333333333333,0.1111111111111111,0.9728997289972899,0.9310344827586207,0.6190476190476191
GTEX-T6MN-0011-R5A-SM-32QPD,GTEX-T6MN,0.42857142857142855,0.36923076923076925,0.21052631578947367,0.9817708333333334,0.9259259259259259,0.01002004008016032,0.9615384615384616,0.9354838709677419,0.4308093994778068,0.1662688941925219,0.9514563106796117,0.30666666666666664,0.76,0.3181818181818182,0.04716981132075472,0.9965055329062318,0.08527131782945736,0.40186915887850466
GTEX-T6MN-0011-R6A-SM-32QP8,GTEX-T6MN,0.4528301886792453,0.3106060606060606,0.20341047503045068,0.9715873996294009,0.7446808510638298,0.05084745762711865,0.921875,0.9641791044776119,0.4258823529411765,0.15564598168870802,0.9781021897810219,0.07692307692307693,1.0,0.018867924528301886,0.04918032786885246,0.9973684210526316,0.21739130434782608,0.8133333333333334
GTEX-T6MN-0011-R7A-SM-32QP5,GTEX-T6MN,0.2909090909090909,0.23880597014925373,0.23877917414721722,0.9669565217391304,0.88,0.0707070707070707,0.9245283018867925,0.9552238805970149,0.3333333333333333,0.11380145278450363,0.9841897233201581,0.2857142857142857,0.7272727272727273,0.08333333333333333,0.09565217391304348,0.9979899497487437,0.07407407407407407,0.8245614035087719
GTEX-T6MN-0011-R8A-SM-32QP3,GTEX-T6MN,0.6285714285714286,0.15853658536585366,0.05785123966942149,0.9281437125748503,0.9452054794520548,0.14285714285714285,1.0,0.5882352941176471,0.20512820512820512,0.4945652173913043,0.9428571428571428,0.16666666666666666,0.8867924528301887,0.4146341463414634,0.0,0.9956663055254604,0.9347826086956522,0.8181818181818182
GTEX-T6MN-0011-R9A-SM-32QOZ,GTEX-T6MN,0.05555555555555555,0.8688524590163934,0.10144927536231885,0.7801204819277109,1.0,0.07344632768361582,1.0,0.2222222222222222,0.24539877300613497,0.567741935483871,0.90625,0.1111111111111111,0.78125,0.25,0.006802721088435374,0.9965635738831615,0.9130434782608695,0.3076923076923077
GTEX-T6MN-0126-SM-32PLP,GTEX-T6MN,0.9428571428571428,0.11617312072892938,0.43859649122807015,0.9248826291079812,0.10344827586206896,0.6666666666666666,0.1617161716171617,0.1368421052631579,0.24812030075187969,0.20958083832335328,0.07581227436823104,0.5740740740740741,0.14754098360655737,0.13253012048192772,0.3076923076923077,0.10973084886128365,0.16279069767441862,0.2
GTEX-T6MN-0226-SM-32PMD,GTEX-T6MN,0.4609375,0.5849056603773585,0.024390243902439025,0.3592436974789916,0.3389830508474576,0.8113207547169812,0.8997214484679665,0.41739130434782606,0.7580340264650284,0.871927554980595,0.13539192399049882,0.7886178861788617,0.5775577557755776,0.7723577235772358,0.25552699228791775,0.3328488372093023,0.5471698113207547,0.7410071942446043
GTEX-T6MN-0326-SM-32PMK,GTEX-T6MN,0.43434343434343436,0.8880597014925373,0.013980868285504048,0.3418903150525088,0.6229508196721312,0.4700854700854701,0.9154078549848943,0.5259259259259259,0.8413926499032882,0.6645299145299145,0.3181818181818182,0.8409090909090909,0.6867469879518072,0.6567164179104478,0.2986798679867987,0.718816067653277,0.7948717948717948,0.9428571428571428
GTEX-T6MN-0426-SM-32PMF,GTEX-T6MN,0.8166666666666667,0.8076923076923077,0.031578947368421054,0.3624161073825503,0.5185185185185185,0.861671469740634,0.8666666666666667,0.8461538461538461,0.9375,0.959731543624161,0.12244897959183673,0.9310344827586207,0.6923076923076923,0.8736842105263158,0.9137404580152672,0.1323943661971831,0.41379310344827586,0.8736842105263158
GTEX-T6MN-0526-SM-32PMS,GTEX-T6MN,1.0,0.7241379310344828,0.07142857142857142,0.026722925457102673,0.925,0.9627329192546584,0.8666666666666667,1.0,0.8701298701298701,0.9425837320574163,0.7610619469026548,0.9166666666666666,1.0,1.0,0.2923076923076923,0.7083333333333334,0.979381443298969,0.967741935483871
GTEX-T6MN-0626-SM-32PM9,GTEX-T6MN,0.7801047120418848,0.36774193548387096,0.48872180451127817,0.7801268498942917,0.17391304347826086,0.9130434782608695,0.413953488372093,0.36666666666666664,0.2188679245283019,0.616532721010333,0.20574162679425836,0.4411764705882353,0.6612903225806451,0.19148936170212766,0.13616398243045388,0.40562248995983935,0.20253164556962025,0.3125
GTEX-T6MN-0726-SM-32PML,GTEX-T6MN,0.7751479289940828,0.4157303370786517,0.17385257301808066,0.6011846001974334,0.13274336283185842,0.8227848101265823,0.6103896103896104,0.4350282485875706,0.34513274336283184,0.6870925684485006,0.18828451882845187,0.5862068965517241,0.46835443037974683,0.44554455445544555,0.2494172494172494,0.43884892086330934,0.4117647058823529,0.56
GTEX-T6MN-0826-SM-32PM4,GTEX-T6MN,0.3333333333333333,0.5802469135802469,0.09,0.44157814871016693,0.3333333333333333,0.8333333333333334,0.7777777777777778,0.40816326530612246,0.521505376344086,0.7534791252485089,0.24848484848484848,0.5,0.22388059701492538,0.7352941176470589,0.14334470989761092,0.35064935064935066,0.30357142857142855,0.6756756756756757
GTEX-T6MN-0926-SM-32PLX,GTEX-T6MN,0.273542600896861,0.9444444444444444,0.021739130434782608,0.010135970333745364,0.8909090909090909,0.9722222222222222,0.7142857142857143,0.5698924731182796,0.8672985781990521,0.9769736842105263,0.6795580110497238,1.0,0.8421052631578947,0.8823529411764706,0.4134078212290503,0.7034068136272545,0.9393939393939394,0.8095238095238095
GTEX-T6MN-1126-SM-4DM71,GTEX-T6MN,0.9311926605504587,0.8888888888888888,0.026785714285714284,0.1952191235059761,0.8431372549019608,0.9312039312039312,0.8421052631578947,0.9027777777777778,0.7254901960784313,0.9568034557235421,0.14450867052023122,0.8421052631578947,0.6438356164383562,0.9636363636363636,0.7964579695684709,0.2625482625482625,0.48760330578512395,0.5214723926380368
GTEX-T6MN-1226-SM-3NMA5,GTEX-T6MN,0.9818181818181818,0.0,0.2903225806451613,0.9754404698344902,0.4666666666666667,0.7333333333333333,0.3333333333333333,0.08108108108108109,0.14979757085020243,0.934640522875817,0.09302325581395349,0.18181818181818182,0.7142857142857143,0.16417910447761194,0.11428571428571428,0.4857142857142857,1.0,0.1282051282051282
GTEX-T6MN-2526-SM-32PMN,GTEX-T6MN,0.9421768707482994,0.21448467966573817,0.6888888888888889,0.9701173959445037,0.6,0.058823529411764705,1.0,0.9836734693877551,0.054187192118226604,0.4225941422594142,0.9773242630385488,0.21518987341772153,1.0,0.20930232558139536,0.1282051282051282,0.9965753424657534,0.12727272727272726,0.8571428571428571
GTEX-T6MN-2626-SM-32PMQ,GTEX-T6MN,0.8241758241758241,0.18518518518518517,0.3235294117647059,0.9612590799031477,0.7727272727272727,0.09433962264150944,0.9560439560439561,0.9449311639549437,0.18161925601750548,0.4021978021978022,0.9761904761904762,0.061224489795918366,0.8666666666666667,0.06666666666666667,0.11627906976744186,0.9775943396226415,0.3333333333333333,0.6756756756756757
GTEX-TSE9-0005-SM-4DXUF,GTEX-TSE9,0.0,0.0,0.8571428571428571,0.9591836734693877,0.0,,,0.0,0.0,0.015873015873015872,0.3924050632911392,0.125,0.13333333333333333,0.0,0.0,0.4925373134328358,0.0,0.0
GTEX-TSE9-0008-SM-4DXT8,GTEX-TSE9,0.9583333333333334,0.8391959798994975,0.012345679012345678,0.19851576994434136,0.5213675213675214,1.0,0.6580310880829016,0.8770949720670391,0.9117647058823529,0.9732888146911519,0.0627062706270627,0.9772727272727273,0.45098039215686275,0.10204081632653061,0.010179350460494426,0.026252983293556086,0.6923076923076923,0.0
GTEX-TSE9-0011-R10A-SM-3DB7O,GTEX-TSE9,0.7349397590361446,0.22807017543859648,0.21504112808460635,0.9587317564167086,0.7303370786516854,0.07207207207207207,1.0,0.9634801288936627,0.31552587646076796,0.23927550047664442,0.9525423728813559,0.22580645161290322,0.3333333333333333,0.0410958904109589,0.07352941176470588,0.9923106497500961,0.17333333333333334,0.47540983606557374
GTEX-TSE9-0011-R11A-SM-3DB7N,GTEX-TSE9,0.851063829787234,0.13237639553429026,0.7537154989384289,0.9550056242969629,0.5113636363636364,0.08196721311475409,1.0,0.9612961296129613,0.050946142649199416,0.3834355828220859,0.9521276595744681,0.2,0.7567567567567568,0.0,0.2947976878612717,0.9933414043583535,0.041666666666666664,0.6082474226804123
GTEX-TSE9-0011-R1A-SM-3DB7E,GTEX-TSE9,0.4915254237288136,0.23076923076923078,0.14285714285714285,0.9426644182124789,0.6666666666666666,0.31343283582089554,0.92,0.8285714285714286,0.3333333333333333,0.2398190045248869,0.9253731343283582,0.2413793103448276,1.0,0.10344827586206896,0.6452830188679245,0.940959409594096,0.5384615384615384,0.4666666666666667
GTEX-TSE9-0011-R4A-SM-3DB7H,GTEX-TSE9,0.42857142857142855,0.22429906542056074,0.20176730486008837,0.9576374745417515,0.7741935483870968,0.17647058823529413,0.9672131147540983,0.8765432098765432,0.3563714902807775,0.20491803278688525,0.9176029962546817,0.18181818181818182,0.8095238095238095,0.11538461538461539,0.08771929824561403,0.978448275862069,0.14285714285714285,0.7846153846153846
GTEX-TSE9-0011-R5A-SM-3DB7J,GTEX-TSE9,0.4909090909090909,0.2484076433121019,0.23076923076923078,0.9634831460674157,0.5483870967741935,0.18181818181818182,1.0,0.9099099099099099,0.30404217926186294,0.14780600461893764,0.8565400843881856,0.23076923076923078,0.7647058823529411,0.15151515151515152,0.1891891891891892,0.9818799546998868,0.16417910447761194,0.4857142857142857
GTEX-TSE9-0011-R6A-SM-3DB7L,GTEX-TSE9,0.48333333333333334,0.24932975871313673,0.2623574144486692,0.9630901287553648,0.48672566371681414,0.07339449541284404,0.9705882352941176,0.9230769230769231,0.3333333333333333,0.11617312072892938,0.8631578947368421,0.2631578947368421,0.7777777777777778,0.11475409836065574,0.13636363636363635,0.9923954372623575,0.10679611650485436,0.6296296296296297
GTEX-TSE9-0011-R7A-SM-3DB7P,GTEX-TSE9,0.38461538461538464,0.3620689655172414,0.2,0.9428076256499134,0.5882352941176471,0.125,0.8571428571428571,0.8536585365853658,0.5070422535211268,0.27137546468401486,0.9491525423728814,0.14285714285714285,0.6,0.034482758620689655,0.18947368421052632,0.973568281938326,0.2727272727272727,0.7916666666666666
GTEX-TSE9-0011-R8A-SM-3DB7R,GTEX-TSE9,0.6111111111111112,0.32,0.19736842105263158,0.9425641025641026,0.37777777777777777,0.2631578947368421,0.8823529411764706,0.75,0.3862433862433862,0.36790123456790125,0.8313253012048193,0.4,0.8571428571428571,0.15789473684210525,0.22857142857142856,0.9667359667359667,0.38461538461538464,0.3333333333333333
GTEX-TSE9-0011-R9A-SM-3DB7Q,GTEX-TSE9,0.49333333333333335,0.5398230088495575,0.12220762155059132,0.8096256684491978,0.8867924528301887,0.13043478260869565,1.0,0.7704918032786885,0.3381818181818182,0.42574257425742573,0.8625954198473282,0.1111111111111111,0.582089552238806,0.11688311688311688,0.36792452830188677,0.990530303030303,0.7560975609756098,0.2727272727272727
GTEX-TSE9-0126-SM-3DB83,GTEX-TSE9,0.9020979020979021,0.10869565217391304,0.21739130434782608,0.8217821782178217,0.05555555555555555,0.6,0.30357142857142855,0.14285714285714285,0.08823529411764706,0.24,0.13793103448275862,0.42105263157894735,0.05454545454545454,0.037037037037037035,0.22746781115879827,0.24203821656050956,0.3333333333333333,0.3023255813953488
GTEX-TSE9-0226-SM-3DB84,GTEX-TSE9,0.6448598130841121,0.344,0.01227830832196453,0.3191489361702128,0.23529411764705882,0.8248847926267281,0.8768115942028986,0.5359116022099447,0.5983379501385041,0.7107607950651131,0.14285714285714285,0.8260869565217391,0.4049586776859504,0.21585903083700442,0.27004030452306316,0.367816091954023,0.2807017543859649,0.5025906735751295
GTEX-TSE9-0326-SM-3DB82,GTEX-TSE9,0.19796954314720813,0.7906976744186046,0.17177344475394615,0.4450736126840317,0.425,0.7204968944099379,0.9872611464968153,0.2571428571428571,0.49214659685863876,0.2991150442477876,0.2786885245901639,0.7297297297297297,0.6086956521739131,0.2571428571428571,0.17884130982367757,0.44537815126050423,0.5,0.8312586445366529
GTEX-TSE9-0426-SM-3DB81,GTEX-TSE9,0.6377607025246982,0.75,0.006134969325153374,0.26392961876832843,0.39271255060728744,0.9298507462686567,0.9498207885304659,0.7955555555555556,0.7774687065368567,0.8827872634979234,0.055441478439425054,0.936,0.6,0.42574257425742573,0.8255509323470489,0.21129032258064517,0.25301204819277107,0.7687074829931972
GTEX-TSE9-0526-SM-3DB7Z,GTEX-TSE9,0.9565217391304348,0.75,0.0625,0.03150092649783817,0.918552036199095,0.9940298507462687,0.8775510204081632,0.9354838709677419,0.8622950819672132,0.9490616621983914,0.7837837837837838,0.9884393063583815,0.8518518518518519,0.8297872340425532,0.3150684931506849,0.6666666666666666,0.8936170212765957,0.9095744680851063
GTEX-TSE9-0626-SM-3DB8B,GTEX-TSE9,0.8504672897196262,0.2,0.6975169300225733,0.8409356725146199,0.06474820143884892,0.8888888888888888,0.5111111111111111,0.26666666666666666,0.17779868297271872,0.504070131496556,0.18543046357615894,0.36363636363636365,0.410958904109589,0.06666666666666667,0.14082503556187767,0.4260485651214128,0.047619047619047616,0.2
GTEX-TSE9-0726-SM-3DB8C,GTEX-TSE9,0.2903225806451613,0.7142857142857143,0.3333333333333333,0.3604336043360434,0.4,0.8846153846153846,0.5384615384615384,0.4375,0.3756345177664975,0.7061224489795919,0.21311475409836064,0.2,0.21428571428571427,0.1794871794871795,0.3545816733067729,0.5699658703071673,0.14285714285714285,0.5135135135135135
GTEX-TSE9-2526-SM-4DXUS,GTEX-TSE9,0.8769230769230769,0.5384615384615384,0.2923076923076923,0.43094841930116473,0.2222222222222222,0.8313253012048193,0.5966386554621849,0.54,0.4939759036144578,0.8465991316931982,0.1607843137254902,0.5121951219512195,0.8181818181818182,0.13333333333333333,0.3369214208826695,0.5892857142857143,0.4074074074074074,0.3793103448275862
GTEX-TSE9-2726-SM-4DXSQ,GTEX-TSE9,0.8029556650246306,0.9130434782608695,0.01195219123505976,0.2524084778420039,0.4716981132075472,1.0,0.7142857142857143,0.8153846153846154,0.8847736625514403,0.9592476489028213,0.21690140845070421,0.7215189873417721,0.8333333333333334,0.5555555555555556,0.21798365122615804,0.5751633986928104,0.40540540540540543,0.3090909090909091
GTEX-TSE9-2826-SM-4DXTF,GTEX-TSE9,0.8241758241758241,0.9340659340659341,0.013824884792626729,0.32057416267942584,0.47368421052631576,0.8333333333333334,0.6923076923076923,0.75,0.8073654390934845,0.9284802043422733,0.14358974358974358,0.7619047619047619,0.9565217391304348,0.3333333333333333,0.30482758620689654,0.5700325732899023,0.15,0.4666666666666667
GTEX-TSE9-2926-SM-3DB77,GTEX-TSE9,0.8796561604584527,0.13901345291479822,0.6861826697892272,0.9307010475423045,0.472,0.13253012048192772,0.9834710743801653,0.9303211758301578,0.0611439842209073,0.34576757532281205,0.9651416122004357,0.30434782608695654,0.9047619047619048,0.03875968992248062,0.2915129151291513,0.9966372425388819,0.016042780748663103,0.5588235294117647
GTEX-TSE9-3026-SM-3DB76,GTEX-TSE9,0.7743589743589744,0.2336874051593323,0.38461538461538464,0.98947983635301,0.7582417582417582,0.061224489795918366,0.9714285714285714,0.9800598205383848,0.17754569190600522,0.2269446672012831,0.972936400541272,0.17857142857142858,0.7777777777777778,0.045871559633027525,0.08235294117647059,0.9927892494264176,0.072,0.6842105263157895
GTEX-WY7C-0004-SM-4ONDS,GTEX-WY7C,0.16666666666666666,0.0,0.9867549668874173,0.9831158864159631,0.02564102564102564,0.5,0.803030303030303,0.0,0.0035842293906810036,0.015957446808510637,0.481216457960644,0.13402061855670103,0.03067484662576687,0.08860759493670886,0.4,0.19036144578313252,0.18181818181818182,0.4626865671641791
GTEX-WY7C-0006-SM-3NB3L,GTEX-WY7C,0.14285714285714285,0.0,0.6435643564356436,0.9683860232945092,0.10344827586206896,1.0,1.0,0.031578947368421054,0.008051529790660225,0.06,0.20300751879699247,0.017543859649122806,0.06832298136645963,0.06875,0.5384615384615384,0.5625,0.5,0.0
GTEX-WY7C-0008-SM-4ONDW,GTEX-WY7C,0.9148936170212766,0.7679558011049724,0.0031746031746031746,0.21518987341772153,0.3898305084745763,0.8421052631578947,0.7552742616033755,0.4489795918367347,0.834319526627219,0.9579579579579579,0.05699481865284974,0.9117647058823529,0.39805825242718446,0.4,0.01312910284463895,0.027624309392265192,0.7866666666666666,0.1111111111111111
GTEX-WY7C-0126-SM-4ONCO,GTEX-WY7C,0.29411764705882354,0.1111111111111111,0.76,0.9184652278177458,0.23076923076923078,0.4,0.7333333333333333,0.03389830508474576,0.23841059602649006,0.4742014742014742,0.2923076923076923,0.44,0.2,0.24074074074074073,0.13636363636363635,0.19791666666666666,0.6170212765957447,1.0
GTEX-WY7C-0226-SM-3NB37,GTEX-WY7C,0.8506493506493507,0.22433460076045628,0.6020025031289111,0.8666666666666667,0.27835051546391754,0.8878504672897196,0.5431754874651811,0.1783783783783784,0.2944693572496263,0.6214833759590793,0.18490566037735848,0.4230769230769231,0.4105263157894737,0.625,0.23617021276595745,0.3742177722152691,0.13043478260869565,0.34831460674157305
GTEX-WY7C-0326-SM-4OND5,GTEX-WY7C,0.1111111111111111,0.09836065573770492,0.08695652173913043,0.9835616438356164,0.12,0.5,0.9732142857142857,0.03225806451612903,0.4342105263157895,0.35738831615120276,0.3191489361702128,0.2112676056338028,0.30303030303030304,0.17333333333333334,0.05027932960893855,0.0847457627118644,0.2302158273381295,0.07563025210084033
GTEX-WY7C-0426-SM-3NB3C,GTEX-WY7C,0.45454545454545453,0.45161290322580644,0.16619718309859155,0.7550644567219152,0.3237410071942446,0.8181818181818182,0.7014925373134329,0.24861878453038674,0.5098814229249012,0.711864406779661,0.1873015873015873,0.4845360824742268,0.17647058823529413,0.449438202247191,0.27906976744186046,0.23864959254947612,0.3644859813084112,0.5510204081632653
GTEX-WY7C-0526-SM-3NB3D,GTEX-WY7C,0.2815533980582524,0.8225806451612904,0.035175879396984924,0.023436182768504468,0.9588477366255144,0.9828693790149893,0.9807692307692307,0.38461538461538464,0.9678899082568807,0.9921785139176443,0.8,0.8765432098765432,0.5294117647058824,0.9754601226993865,0.5454545454545454,0.33147632311977715,0.9297520661157025,0.8530612244897959
GTEX-WY7C-0626-SM-4ONCT,GTEX-WY7C,0.9572192513368984,0.8303030303030303,0.0196078431372549,0.3954659949622166,0.6410256410256411,0.8715953307392996,0.8041958041958042,0.8625954198473282,0.8978723404255319,0.9573170731707317,0.1308411214953271,0.788235294117647,0.6551724137931034,0.9067357512953368,0.6661742983751846,0.2702702702702703,0.48148148148148145,0.6972972972972973
GTEX-WY7C-0726-SM-4ONCB,GTEX-WY7C,0.9732441471571907,0.5384615384615384,0.14285714285714285,0.9610705596107056,0.1111111111111111,0.8490566037735849,0.47619047619047616,0.02631578947368421,0.31736526946107785,0.9603960396039604,0.2289156626506024,0.08108108108108109,0.0967741935483871,0.19444444444444445,0.09352517985611511,0.24271844660194175,0.8260869565217391,0.16923076923076924
GTEX-WY7C-0826-SM-4ONCG,GTEX-WY7C,0.8426966292134831,0.7534246575342466,0.0031746031746031746,0.597254004576659,0.6633663366336634,0.867513611615245,0.8717948717948718,0.6,0.9025787965616046,0.9425717852684145,0.1324200913242009,0.7868852459016393,0.6571428571428571,0.8634146341463415,0.9112807059384689,0.3939393939393939,0.3263157894736842,0.712
GTEX-WY7C-0926-SM-3NB34,GTEX-WY7C,0.4634146341463415,0.47560975609756095,0.04827586206896552,0.7082111436950147,0.3548387096774194,0.625,0.8682634730538922,0.16455696202531644,0.6828752642706131,0.9048672566371682,0.21393034825870647,0.5227272727272727,0.422680412371134,0.4155844155844156,0.15934539190353145,0.36828644501278773,0.7272727272727273,0.4482758620689655
GTEX-WY7C-1026-SM-4OND3,GTEX-WY7C,0.95,0.013333333333333334,0.7037037037037037,0.9608247422680413,0.07692307692307693,0.16981132075471697,0.19786096256684493,0.09090909090909091,0.09818181818181818,0.35667396061269147,0.06521739130434782,0.3488372093023256,0.03636363636363636,0.18072289156626506,0.16666666666666666,0.1232876712328767,0.07142857142857142,0.06329113924050633
GTEX-WY7C-1126-SM-3NB3A,GTEX-WY7C,0.26666666666666666,0.8541666666666666,0.014256619144602852,0.04423545802856148,0.8951612903225806,0.9925093632958801,0.9292035398230089,0.4766355140186916,0.9381443298969072,0.982085732565579,0.696,0.8211382113821138,0.7142857142857143,0.8877551020408163,0.5059445178335535,0.5088235294117647,0.8761904761904762,0.9166666666666666
GTEX-WY7C-1326-SM-4ONCX,GTEX-WY7C,0.7692307692307693,0.6567164179104478,0.007407407407407408,0.711340206185567,0.6222222222222222,0.8998167379352474,0.9653179190751445,0.86,0.8883720930232558,0.9651567944250871,0.1794871794871795,0.8,0.6981132075471698,0.95,0.9603823563284579,0.1702127659574468,0.37037037037037035,0.7364341085271318
GTEX-WY7C-1426-SM-4OND1,GTEX-WY7C,0.8716981132075472,0.06440677966101695,0.49433962264150944,0.869757174392936,0.12871287128712872,0.7115384615384616,0.29891304347826086,0.09090909090909091,0.30930930930930933,0.5931623931623932,0.13924050632911392,0.2289156626506024,0.22627737226277372,0.28,0.18707940780619112,0.17647058823529413,0.1559633027522936,0.09615384615384616
GTEX-WY7C-1526-SM-4OND2,GTEX-WY7C,0.9695121951219512,0.8578199052132701,0.02702702702702703,0.5280898876404494,0.8333333333333334,0.916734693877551,0.9282511210762332,0.6842105263157895,0.8709677419354839,0.9622997172478793,0.0440251572327044,0.9292035398230089,0.8260869565217391,0.9751552795031055,0.8924392439243924,0.219435736677116,0.34375,0.6521739130434783
GTEX-WY7C-1626-SM-4ONC8,GTEX-WY7C,0.8591549295774648,0.7352941176470589,0.030303030303030304,0.5646940822467402,0.7575757575757576,0.9283154121863799,0.949238578680203,0.9759036144578314,0.9186991869918699,0.8817966903073287,0.1792452830188679,0.8699186991869918,0.4117647058823529,0.9663299663299664,0.9757395190466056,0.3241758241758242,0.4444444444444444,0.8315789473684211
GTEX-WY7C-1726-SM-4ONCC,GTEX-WY7C,0.9548022598870056,0.1619047619047619,0.7509433962264151,0.958299919807538,0.19230769230769232,0.3879781420765027,0.16477272727272727,0.15873015873015872,0.07557117750439367,0.33242506811989103,0.3188405797101449,0.06172839506172839,0.04,0.3,0.5483870967741935,0.1737704918032787,0.037037037037037035,0.0684931506849315
GTEX-WY7C-1826-SM-4ONCE,GTEX-WY7C,0.9157894736842105,0.09900990099009901,0.817629179331307,0.9666203059805285,0.02857142857142857,0.4603174603174603,0.1532033426183844,0.09333333333333334,0.10469314079422383,0.42342342342342343,0.12096774193548387,0.21212121212121213,0.02097902097902098,0.23893805309734514,0.42105263157894735,0.20123839009287925,1.0,0.2222222222222222
GTEX-WY7C-1926-SM-4ONCI,GTEX-WY7C,0.7981651376146789,0.7910447761194029,0.07692307692307693,0.5563093622795116,0.7543859649122807,0.9455587392550143,0.9230769230769231,0.9384615384615385,0.9225352112676056,0.9163346613545816,0.1308016877637131,0.937007874015748,0.7037037037037037,0.9084967320261438,0.96801872074883,0.3003412969283277,0.2962962962962963,0.8962962962962963
GTEX-WY7C-2026-SM-4ONCM,GTEX-WY7C,0.8732394366197183,0.34285714285714286,0.2517985611510791,0.7444633730834753,0.47368421052631576,0.9375,0.3333333333333333,0.5897435897435898,0.4270557029177719,0.8495049504950495,0.11894273127753303,0.4339622641509434,0.44680851063829785,0.6507936507936508,0.5333333333333333,0.22926829268292684,0.625,0.25
GTEX-WY7C-2126-SM-3NB2R,GTEX-WY7C,0.9263803680981595,0.17266187050359713,0.3609467455621302,0.8969957081545065,0.1827956989247312,0.8518518518518519,0.34146341463414637,0.34545454545454546,0.3568281938325991,0.4206128133704735,0.1189710610932476,0.6382978723404256,0.08,0.3233082706766917,0.23893805309734514,0.39087301587301587,0.28888888888888886,0.2641509433962264
GTEX-WY7C-2226-SM-4ONCS,GTEX-WY7C,0.475,0.16279069767441862,0.3377926421404682,0.8903775883069428,0.13793103448275862,0.8148148148148148,0.8902439024390244,0.4,0.17905405405405406,0.18333333333333332,0.6482758620689655,0.2235294117647059,0.36082474226804123,0.1206896551724138,0.41875,0.2655007949125596,0.5161290322580645,0.3090909090909091
GTEX-WY7C-2326-SM-3NB2U,GTEX-WY7C,0.9030303030303031,0.3108108108108108,0.28253968253968254,0.8042059463379261,0.044444444444444446,0.8245614035087719,0.31843575418994413,0.40476190476190477,0.4703389830508475,0.5,0.10344827586206896,0.5855855855855856,0.3333333333333333,0.36538461538461536,0.2974910394265233,0.38328530259365995,0.3333333333333333,0.15789473684210525
GTEX-WY7C-2426-SM-3NB2V,GTEX-WY7C,0.5286624203821656,0.6538461538461539,0.018518518518518517,0.6477900552486188,0.48672566371681414,0.6607142857142857,0.839622641509434,0.25757575757575757,0.752112676056338,0.876984126984127,0.22821576763485477,0.7525773195876289,0.4423076923076923,0.6541353383458647,0.21189591078066913,0.5064935064935064,0.7894736842105263,0.8206896551724138
GTEX-WY7C-2526-SM-3NB2N,GTEX-WY7C,0.9870967741935484,0.94,0.06976744186046512,0.0076726342710997444,0.9351851851851852,0.9497907949790795,0.84,0.8823529411764706,0.9591836734693877,0.9695079695079695,0.8443396226415094,0.9957627118644068,1.0,0.9877675840978594,0.20863309352517986,0.5892857142857143,0.9285714285714286,0.9846153846153847
GTEX-WY7C-2626-SM-3NB2P,GTEX-WY7C,0.5762081784386617,0.8257261410788381,0.01002004008016032,0.5158730158730159,0.6183206106870229,0.5820029027576198,0.8896103896103896,0.15053763440860216,0.8823529411764706,0.7322540473225405,0.38509316770186336,0.7605633802816901,0.8571428571428571,0.6166666666666667,0.45248645987198427,0.8472998137802608,0.9154929577464789,0.7774086378737541
GTEX-WY7C-2726-SM-3NB3P,GTEX-WY7C,0.6296296296296297,0.3559322033898305,0.018867924528301886,0.6286243059839605,0.6071428571428571,0.8461538461538461,0.7777777777777778,0.24731182795698925,0.847255369928401,0.9536290322580645,0.22705314009661837,0.6043956043956044,0.631578947368421,0.6023391812865497,0.11030741410488246,0.5587392550143266,0.8275862068965517,0.6571428571428571
GTEX-WY7C-2826-SM-3NB3Q,GTEX-WY7C,0.8972099853157122,0.6894409937888198,0.025974025974025976,0.574585635359116,0.6304347826086957,0.9253731343283582,0.8918918918918919,0.863013698630137,0.8878504672897196,0.9751295336787564,0.12062256809338522,0.9416058394160584,0.8260869565217391,0.925,0.8772331653687586,0.17258883248730963,0.5087719298245614,0.6902654867256637
GTEX-WYVS-0004-SM-4ONDT,GTEX-WYVS,1.0,0.011764705882352941,0.9219512195121952,0.9866555462885738,0.07142857142857142,1.0,0.88,0.010526315789473684,0.003663003663003663,0.020942408376963352,0.314410480349345,0.275,0.09433962264150944,0.10476190476190476,0.5555555555555556,0.23036649214659685,0.0,0.6666666666666666
GTEX-WYVS-0006-SM-3NMA7,GTEX-WYVS,0.09615384615384616,0.0,0.8564593301435407,0.9582712369597616,0.14285714285714285,0.5,1.0,0.01858736059479554,0.024291497975708502,0.06172839506172839,0.3370165745856354,0.19298245614035087,0.07514450867052024,0.06521739130434782,0.3333333333333333,0.47368421052631576,0.0,
GTEX-WYVS-0008-SM-4ONDY,GTEX-WYVS,0.84,0.8326996197718631,0.0125,0.20930232558139536,0.4782608695652174,0.8076923076923077,0.5189873417721519,0.5867768595041323,0.8467741935483871,0.9415584415584416,0.08243727598566308,0.8598726114649682,0.5576923076923077,0.6060606060606061,0.03424987940183309,0.06463878326996197,0.5,0.3333333333333333
GTEX-WYVS-0126-SM-4ONDH,GTEX-WYVS,0.2542372881355932,0.14893617021276595,0.8505747126436781,0.8868894601542416,0.13580246913580246,0.5833333333333334,0.8640776699029126,0.022222222222222223,0.2911764705882353,0.268018018018018,0.35119047619047616,0.27102803738317754,0.21025641025641026,0.1111111111111111,0.1875,0.2705061082024433,0.5555555555555556,0.14285714285714285
GTEX-WYVS-0226-SM-4ONDK,GTEX-WYVS,0.2786885245901639,0.16363636363636364,0.10810810810810811,0.9741573033707865,0.07317073170731707,0.7333333333333333,0.9625,0.044444444444444446,0.21914357682619648,0.39104477611940297,0.41284403669724773,0.1320754716981132,0.22012578616352202,0.08,0.10869565217391304,0.15021459227467812,0.16037735849056603,0.17391304347826086
GTEX-WYVS-0326-SM-3NM9V,GTEX-WYVS,0.6979166666666666,0.33695652173913043,0.5137254901960784,0.8087141339001063,0.2,0.8153846153846154,0.3941176470588235,0.2765957446808511,0.24225352112676057,0.5980551053484603,0.17333333333333334,0.23711340206185566,0.44881889763779526,0.325,0.28289473684210525,0.4423076923076923,0.14285714285714285,0.14782608695652175
GTEX-WYVS-0426-SM-4ONDL,GTEX-WYVS,0.8713178294573644,0.8425460636515912,0.00697350069735007,0.2917316692667707,0.7842323651452282,0.9109826589595376,0.9427549194991055,0.8337950138504155,0.8235294117647058,0.9614457831325302,0.15592515592515593,0.7745098039215687,0.8170731707317073,0.9183673469387755,0.8716391045111936,0.21099887766554434,0.5151515151515151,0.5928338762214984
GTEX-WYVS-0526-SM-3NM9W,GTEX-WYVS,0.248868778280543,0.2830188679245283,0.2946058091286307,0.8093607305936074,0.3448275862068966,0.7931034482758621,0.4843205574912892,0.15584415584415584,0.29133858267716534,0.6756139348943461,0.22637362637362637,0.2923076923076923,0.14150943396226415,0.2653061224489796,0.28823529411764703,0.17417417417417416,0.4024390243902439,0.44
GTEX-WYVS-0626-SM-4SOJY,GTEX-WYVS,0.4827586206896552,0.5423728813559322,0.017857142857142856,0.563963963963964,0.4146341463414634,0.625,0.6862745098039216,0.3275862068965517,0.6359918200408998,0.8812785388127854,0.17346938775510204,0.47368421052631576,0.7530864197530864,0.6811594202898551,0.1788715486194478,0.5684931506849316,0.48363636363636364,0.43478260869565216
GTEX-WYVS-0726-SM-4ONDO,GTEX-WYVS,0.9523809523809523,0.02564102564102564,0.5339805825242718,0.9395973154362416,0.2,0.9130434782608695,0.09939759036144578,0.2413793103448276,0.15254237288135594,0.4321880650994575,0.0962962962962963,0.21951219512195122,0.06451612903225806,0.2459016393442623,0.6565656565656566,0.13230769230769232,0.059602649006622516,0.6
GTEX-WYVS-0826-SM-4RTXB,GTEX-WYVS,0.6894977168949772,0.7222222222222222,0.03496503496503497,0.5661016949152542,0.6140350877192983,0.8948356807511737,0.8596491228070176,0.8,0.8636363636363636,0.9394904458598726,0.2653061224489796,0.7209302325581395,0.7142857142857143,0.9206349206349206,0.9727891156462585,0.3299492385786802,0.3069306930693069,0.7935483870967742
GTEX-WYVS-0926-SM-4SOJV,GTEX-WYVS,0.9852941176470589,0.125,0.8862559241706162,0.9508196721311475,0.0,0.6,0.16666666666666666,0.01694915254237288,0.039603960396039604,0.2911392405063291,0.0684931506849315,0.2727272727272727,0.04,0.0,0.05263157894736842,0.07317073170731707,0.03529411764705882,0.0
GTEX-WYVS-1026-SM-4SOJW,GTEX-WYVS,0.7931034482758621,0.8290598290598291,0.004694835680751174,0.41625207296849087,0.8360655737704918,0.8765231519090171,0.950920245398773,0.7477477477477478,0.9071428571428571,0.9312883435582822,0.21568627450980393,0.8275862068965517,0.8048780487804879,0.8888888888888888,0.9669698420296793,0.29,0.30952380952380953,0.7480314960629921
GTEX-WYVS-1126-SM-4SOJX,GTEX-WYVS,0.8418079096045198,0.9382716049382716,0.043478260869565216,0.39194139194139194,0.6417910447761194,0.9363057324840764,0.9115646258503401,0.8586956521739131,0.9237057220708447,0.9193548387096774,0.2157676348547718,0.9171597633136095,0.8823529411764706,0.954337899543379,0.9755927475592747,0.4090909090909091,0.5471698113207547,0.8309037900874635
GTEX-WYVS-1226-SM-4ONCL,GTEX-WYVS,0.8832116788321168,0.8311111111111111,0.012987012987012988,0.42512908777969016,0.5,0.9172932330827067,0.7051282051282052,0.7631578947368421,0.8594249201277955,0.9709090909090909,0.14741035856573706,0.8156028368794326,0.9076923076923077,0.8842105263157894,0.584225352112676,0.5126050420168067,0.46534653465346537,0.7757009345794392
GTEX-WYVS-1326-SM-4ONCQ,GTEX-WYVS,0.925,0.5555555555555556,0.2897196261682243,0.7121771217712177,0.4166666666666667,0.7551020408163265,0.423728813559322,0.3333333333333333,0.30246913580246915,0.6790123456790124,0.16778523489932887,0.4666666666666667,0.8461538461538461,0.48148148148148145,0.9369158878504673,0.4502923976608187,0.3953488372093023,0.3142857142857143
GTEX-WYVS-1426-SM-4ONCV,GTEX-WYVS,0.8617021276595744,0.3212996389891697,0.2012012012012012,0.7322515212981744,0.17142857142857143,0.8260869565217391,0.20941176470588235,0.3103448275862069,0.45180722891566266,0.75,0.12554112554112554,0.5045871559633027,0.38317757009345793,0.5897435897435898,0.40732519422863483,0.4207920792079208,0.14285714285714285,0.42105263157894735
GTEX-WYVS-1526-SM-4OND4,GTEX-WYVS,0.4666666666666667,0.6457142857142857,0.03765690376569038,0.4050632911392405,0.25925925925925924,0.9,0.7163120567375887,0.5,0.7907692307692308,0.9393939393939394,0.11504424778761062,0.6875,0.9354838709677419,0.797752808988764,0.19111111111111112,0.4504950495049505,0.4448979591836735,0.17857142857142858
GTEX-WYVS-1626-SM-3NM9R,GTEX-WYVS,0.8921001926782274,0.17293233082706766,0.18163672654690619,0.7593818984547461,0.12195121951219512,0.7777777777777778,0.3006535947712418,0.2740740740740741,0.3333333333333333,0.5334242837653479,0.0963855421686747,0.5042735042735043,0.24444444444444444,0.3958333333333333,0.33507853403141363,0.4069767441860465,0.28735632183908044,0.2602739726027397
GTEX-WYVS-1726-SM-3NMAY,GTEX-WYVS,0.8299595141700404,0.36363636363636365,0.2219873150105708,0.7347417840375586,0.1650485436893204,0.7681159420289855,0.3656387665198238,0.3464052287581699,0.4342105263157895,0.6723338485316847,0.15121951219512195,0.47435897435897434,0.4588235294117647,0.4166666666666667,0.10559006211180125,0.5725190839694656,0.4375,0.07177033492822966
GTEX-WYVS-1826-SM-4OND6,GTEX-WYVS,0.918918918918919,0.38095238095238093,0.46853146853146854,0.7004255319148937,0.5,0.8923395445134575,0.3805309734513274,0.5051546391752577,0.512396694214876,0.7932263814616756,0.15358361774744028,0.6666666666666666,0.4117647058823529,0.7522123893805309,0.9547571523619428,0.32105263157894737,0.2,0.7744360902255639
GTEX-WYVS-1926-SM-4PQZ2,GTEX-WYVS,0.9529837251356239,0.4,0.1386861313868613,0.9439707673568819,0.3333333333333333,0.7802197802197802,0.5141242937853108,0.07547169811320754,0.2627986348122867,0.9080118694362018,0.1902439024390244,0.21621621621621623,0.38181818181818183,0.13513513513513514,0.16666666666666666,0.1963470319634703,0.6666666666666666,0.09090909090909091
GTEX-WYVS-2126-SM-3NMA3,GTEX-WYVS,0.8888888888888888,0.05982905982905983,0.3264781491002571,0.857421875,0.04424778761061947,0.7241379310344828,0.28735632183908044,0.37777777777777777,0.39880952380952384,0.40030911901081917,0.0703125,0.6461538461538462,0.17543859649122806,0.4838709677419355,0.52,0.2570869990224829,0.30612244897959184,0.37254901960784315
GTEX-WYVS-2326-SM-3NMAI,GTEX-WYVS,0.9781021897810219,0.875,0.02857142857142857,0.011284255776464266,0.9534883720930233,0.9682539682539683,0.9215686274509803,0.9090909090909091,0.8932038834951457,0.9157566302652106,0.672316384180791,0.9774011299435028,0.9166666666666666,0.9885057471264368,0.2571428571428571,0.6231884057971014,0.8947368421052632,0.9872068230277186
GTEX-WYVS-2426-SM-3NMA9,GTEX-WYVS,0.515527950310559,0.8594594594594595,0.01556420233463035,0.37572254335260113,0.7307692307692307,0.6930946291560103,0.8894009216589862,0.308411214953271,0.810126582278481,0.5456475583864119,0.2771929824561403,0.6952380952380952,0.5319148936170213,0.6097560975609756,0.10087719298245613,0.8309668695064233,0.9191919191919192,0.8016759776536313
GTEX-WYVS-2526-SM-3NMAT,GTEX-WYVS,0.8257345491388045,0.873015873015873,0.028037383177570093,0.49765698219306465,0.5507246376811594,0.8613861386138614,0.8285714285714286,0.8309859154929577,0.9294117647058824,0.9729299363057324,0.09022556390977443,0.9859154929577465,0.7666666666666667,0.9360730593607306,0.9396303205019502,0.15347334410339256,0.37888198757763975,0.7593984962406015
GTEX-WZTO-0001-SM-4PQZY,GTEX-WZTO,0.0,0.0036900369003690036,0.9754385964912281,0.9976498237367802,0.05747126436781609,1.0,0.9102564102564102,0.003436426116838488,0.0,0.008823529411764706,0.34545454545454546,0.178743961352657,0.04895104895104895,0.034482758620689655,0.3333333333333333,0.16389548693586697,0.18518518518518517,0.6428571428571429
GTEX-WZTO-0006-SM-3NM9T,GTEX-WZTO,0.21428571428571427,0.0,0.7777777777777778,0.95,0.0196078431372549,1.0,0.5,0.043478260869565216,0.0,0.05813953488372093,0.5643564356435643,0.10526315789473684,0.1232876712328767,0.02564102564102564,0.16666666666666666,0.5682819383259912,,
GTEX-WZTO-0008-SM-4PQZZ,GTEX-WZTO,0.8275862068965517,0.6326530612244898,0.018518518518518517,0.398989898989899,0.42857142857142855,0.7142857142857143,0.7913043478260869,0.2824427480916031,0.8857142857142857,0.8677248677248677,0.10810810810810811,0.8933333333333333,0.4727272727272727,0.1875,0.025867507886435333,0.04225352112676056,0.5882352941176471,0.14285714285714285
GTEX-WZTO-0011-R10B-SM-4E3KB,GTEX-WZTO,0.7741935483870968,0.2129202373104812,0.36992840095465396,0.9877551020408163,0.711864406779661,0.046511627906976744,0.9870967741935484,0.944202266782912,0.1630170316301703,0.3145833333333333,0.9736842105263158,0.05405405405405406,0.8421052631578947,0.1076923076923077,0.058823529411764705,0.9938673821387505,0.19327731092436976,0.47058823529411764
GTEX-WZTO-0011-R11A-SM-4E3K9,GTEX-WZTO,0.9364675984752223,0.137546468401487,0.7881619937694704,0.9885823025689819,0.8367346938775511,0.044444444444444446,1.0,0.9857006673021925,0.06086956521739131,0.4304635761589404,0.9875389408099688,0.18571428571428572,0.8688524590163934,0.08108108108108109,0.05732484076433121,0.9941787941787942,0.037037037037037035,0.7704918032786885
GTEX-WZTO-0011-R1B-SM-3NMAR,GTEX-WZTO,0.33858267716535434,0.5450643776824035,0.07854984894259819,0.9524187153053132,0.9259259259259259,0.16666666666666666,0.9230769230769231,0.74,0.3730407523510972,0.3268186753528773,0.8775510204081632,0.14285714285714285,0.726027397260274,0.2571428571428571,0.0967741935483871,0.9850374064837906,0.8571428571428571,0.6666666666666666
GTEX-WZTO-0011-R3B-SM-3NMC6,GTEX-WZTO,0.8252427184466019,0.20206362854686155,0.3263598326359833,0.9822904368358913,0.673469387755102,0.10989010989010989,0.9826086956521739,0.9171428571428571,0.17040358744394618,0.2532981530343008,0.9771428571428571,0.125,0.8888888888888888,0.0,0.0743801652892562,0.9973799126637555,0.1282051282051282,0.5096774193548387
GTEX-WZTO-0011-R4A-SM-3NMC7,GTEX-WZTO,0.2982456140350877,0.22250639386189258,0.19015659955257272,0.9710480602200348,0.6190476190476191,0.16363636363636364,0.9555555555555556,0.9632063074901446,0.21524663677130046,0.2465016146393972,0.9668874172185431,0.14285714285714285,0.9130434782608695,0.01818181818181818,0.13274336283185842,0.9826782145236509,0.3548387096774194,0.6666666666666666
GTEX-WZTO-0011-R5B-SM-3NMC5,GTEX-WZTO,0.2847682119205298,0.381294964028777,0.15363128491620112,0.9690358902181563,0.7543859649122807,0.16129032258064516,0.84,0.8802816901408451,0.3225806451612903,0.30725190839694655,0.9601328903654485,0.22033898305084745,0.8518518518518519,0.17391304347826086,0.25146198830409355,0.9848599545798638,0.256198347107438,0.8095238095238095
GTEX-WZTO-0011-R6B-SM-4E3J6,GTEX-WZTO,0.48623853211009177,0.27526132404181186,0.24675324675324675,0.9542760372565622,0.8360655737704918,0.0776255707762557,0.9523809523809523,0.933579335793358,0.24307692307692308,0.2025974025974026,0.9830508474576272,0.23076923076923078,0.7142857142857143,0.125,0.1092436974789916,0.9857142857142858,0.11578947368421053,0.6705882352941176
GTEX-WZTO-0011-R7B-SM-4E3IS,GTEX-WZTO,0.27058823529411763,0.43119266055045874,0.10661764705882353,0.9566898685228151,0.8873239436619719,0.14285714285714285,1.0,0.7829457364341085,0.444141689373297,0.30966952264381886,0.8918918918918919,0.04,0.7777777777777778,0.25,0.09523809523809523,0.964968152866242,0.5824175824175825,0.7288135593220338
GTEX-WZTO-0011-R8A-SM-4E3II,GTEX-WZTO,0.5970149253731343,0.1848101265822785,0.28695652173913044,0.9678096571028691,0.7739130434782608,0.07142857142857142,0.9746835443037974,0.5263157894736842,0.1908831908831909,0.43575418994413406,0.9022222222222223,0.09859154929577464,0.8823529411764706,0.09859154929577464,0.2517985611510791,0.9965556831228473,0.2711864406779661,0.6615384615384615
GTEX-WZTO-0126-SM-3NM95,GTEX-WZTO,0.9308510638297872,0.21052631578947367,0.2597402597402597,0.8240740740740741,0.05357142857142857,0.56,0.33617021276595743,0.2807017543859649,0.28054298642533937,0.4860606060606061,0.1,0.52,0.1774193548387097,0.2558139534883721,0.38848920863309355,0.25308641975308643,0.15254237288135594,0.32710280373831774
GTEX-WZTO-0326-SM-4PQYZ,GTEX-WZTO,0.16666666666666666,0.3103448275862069,0.616,0.9100346020761245,0.022146507666098807,0.2857142857142857,0.9506172839506173,0.3333333333333333,0.0695970695970696,0.13649025069637882,0.7397590361445783,0.14285714285714285,0.06278026905829596,0.02097902097902098,0.189873417721519,0.4177215189873418,0.3888888888888889,0.1724137931034483
GTEX-WZTO-0426-SM-3NM99,GTEX-WZTO,0.4697674418604651,0.5058823529411764,0.15649867374005305,0.42738589211618255,0.3263157894736842,0.9659090909090909,0.4331983805668016,0.4057971014492754,0.35406698564593303,0.6776699029126214,0.24770642201834864,0.48148148148148145,0.30851063829787234,0.6060606060606061,0.5951417004048583,0.33746130030959753,0.250996015936255,0.5913978494623656
GTEX-WZTO-0626-SM-4PQYY,GTEX-WZTO,0.9932432432432432,1.0,0.14285714285714285,0.9847328244274809,0.0,1.0,0.23076923076923078,0.2,0.125,0.9192546583850931,0.07692307692307693,0.09090909090909091,0.3333333333333333,0.15789473684210525,0.0847457627118644,0.19047619047619047,0.0,0.3103448275862069
GTEX-WZTO-0826-SM-3NM8Q,GTEX-WZTO,0.9872611464968153,0.8913043478260869,0.02040816326530612,0.009857612267250822,0.9649122807017544,0.9842931937172775,0.7894736842105263,1.0,0.944954128440367,0.974025974025974,0.7592592592592593,0.9827586206896551,0.6666666666666666,0.9814814814814815,0.36,0.5519125683060109,0.950207468879668,0.9650655021834061
GTEX-WZTO-0926-SM-4PQZ3,GTEX-WZTO,1.0,0.1111111111111111,0.46236559139784944,0.8839285714285714,0.3142857142857143,0.6470588235294118,0.2631578947368421,0.10810810810810811,0.24232081911262798,0.6269113149847095,0.2920353982300885,0.21739130434782608,0.5652173913043478,0.29411764705882354,0.3197278911564626,0.297029702970297,0.2631578947368421,0.5384615384615384
GTEX-WZTO-1026-SM-3NM9P,GTEX-WZTO,0.5263157894736842,0.8285714285714286,0.007079646017699115,0.33719806763285026,0.7523809523809524,0.5467775467775468,0.8989169675090253,0.2805755395683453,0.8287037037037037,0.5695774647887324,0.2905405405405405,0.5740740740740741,0.9157894736842105,0.34210526315789475,0.11776061776061776,0.7917705735660848,0.9491525423728814,0.803030303030303
GTEX-WZTO-1126-SM-3NM93,GTEX-WZTO,0.8557435440783615,0.8461538461538461,0.0,0.5107142857142857,0.6687116564417178,0.8807588075880759,0.8983050847457628,0.8762886597938144,0.9335548172757475,0.9701709712622771,0.12,0.8214285714285714,0.6708860759493671,0.7936507936507936,0.9207170811766191,0.16714422158548234,0.5252525252525253,0.8230088495575221
GTEX-WZTO-1226-SM-3NMAZ,GTEX-WZTO,0.631578947368421,,0.047619047619047616,0.025390625,1.0,1.0,0.2857142857142857,1.0,0.9420289855072463,0.8663594470046083,0.8947368421052632,1.0,1.0,0.9428571428571428,0.7222222222222222,0.926605504587156,1.0,0.8666666666666667
GTEX-WZTO-1326-SM-3NM8X,GTEX-WZTO,0.22404371584699453,0.9117647058823529,0.0205761316872428,0.005151259717149012,0.958041958041958,0.99,0.7611940298507462,0.8367346938775511,0.9552715654952076,0.9811794228356336,0.7734375,0.88,1.0,0.8048780487804879,0.38392857142857145,0.6436058700209644,0.9632183908045977,0.9192825112107623
GTEX-WZTO-1526-SM-4PQYQ,GTEX-WZTO,0.616,0.7049180327868853,0.01818181818181818,0.40987124463519314,0.6,0.8345864661654135,0.8333333333333334,0.6455696202531646,0.8059071729957806,0.9403973509933775,0.23076923076923078,0.8064516129032258,0.8181818181818182,0.75,0.7520215633423181,0.553921568627451,0.6,0.7551020408163265
GTEX-WZTO-1626-SM-4PQYR,GTEX-WZTO,0.9124343257443083,0.8451612903225807,0.005917159763313609,0.21063394683026584,0.6333333333333333,0.926829268292683,0.8108108108108109,0.968,0.925,0.9671179883945842,0.0958904109589041,0.9622641509433962,0.8461538461538461,0.8181818181818182,0.8524309797214757,0.32,0.5079365079365079,0.6815286624203821
GTEX-WZTO-1726-SM-4PQYV,GTEX-WZTO,0.7623762376237624,0.7894736842105263,0.012875536480686695,0.3254637436762226,0.6190476190476191,0.896551724137931,0.8666666666666667,0.5882352941176471,0.6923076923076923,0.9454976303317536,0.15083798882681565,0.8666666666666667,0.9354838709677419,0.5625,0.7885874649204865,0.4262295081967213,0.5802469135802469,0.5
GTEX-WZTO-2126-SM-4PQYW,GTEX-WZTO,0.8423236514522822,0.7058823529411765,0.0,0.45144356955380577,0.4482758620689655,0.924812030075188,0.7142857142857143,0.7391304347826086,0.6901408450704225,0.8569570871261378,0.1388888888888889,0.8571428571428571,0.8928571428571429,0.7808219178082192,0.9011566771819137,0.32169576059850374,0.5,0.76
GTEX-WZTO-2826-SM-3NM8P,GTEX-WZTO,0.9264705882352942,0.10518053375196232,0.681592039800995,0.9841688654353562,0.84,0.05405405405405406,0.9459459459459459,0.9693821760524877,0.08908685968819599,0.420584498094028,0.9727891156462585,0.1346153846153846,0.9473684210526315,0.061224489795918366,0.08641975308641975,0.9942279942279942,0.12408759124087591,0.7674418604651163
GTEX-WZTO-2926-SM-3NM9I,GTEX-WZTO,0.5982142857142857,0.20644216691068815,0.2910284463894967,0.9597932222860425,0.6231884057971014,0.25,0.984,0.9488986784140969,0.2599118942731278,0.45032051282051283,0.9047619047619048,0.14285714285714285,0.8857142857142857,0.2777777777777778,0.8733153638814016,0.9649122807017544,0.1794871794871795,0.5887850467289719
GTEX-WZTO-3026-SM-3NMA2,GTEX-WZTO,0.8461538461538461,0.1079136690647482,0.7916666666666666,0.9835329341317365,0.15384615384615385,0.16666666666666666,0.7052631578947368,0.4482758620689655,0.07496012759170653,0.1258741258741259,0.2655367231638418,0.3684210526315789,0.8604651162790697,0.0784313725490196,0.04932735426008968,0.9352640545144804,0.21428571428571427,0.4
GTEX-XV7Q-0008-SM-4BRWL,GTEX-XV7Q,0.8198198198198198,0.5303643724696356,0.01090909090909091,0.3670886075949367,0.42028985507246375,1.0,0.7299270072992701,0.4883720930232558,0.8854166666666666,0.9186295503211992,0.12418300653594772,0.8305084745762712,0.45588235294117646,0.2,0.018730489073881373,0.023809523809523808,0.660377358490566,0.5
GTEX-XV7Q-0126-SM-4BRVK,GTEX-XV7Q,0.4716981132075472,0.16666666666666666,0.6288659793814433,0.9005376344086021,0.3333333333333333,0.7,0.7796610169491526,0.047619047619047616,0.43440233236151604,0.5758754863813229,0.4297520661157025,0.15294117647058825,0.25,0.14814814814814814,0.18292682926829268,0.28735632183908044,0.8285714285714286,0.5
GTEX-XV7Q-0226-SM-4BRVL,GTEX-XV7Q,0.25,0.2,0.13043478260869565,0.9782135076252724,0.25,1.0,0.9178082191780822,0.03333333333333333,0.3116531165311653,0.5337837837837838,0.3037974683544304,0.17073170731707318,0.26582278481012656,0.17647058823529413,0.12693498452012383,0.18478260869565216,0.19230769230769232,0.1111111111111111
GTEX-XV7Q-0326-SM-4BRVM,GTEX-XV7Q,0.7864077669902912,0.2786885245901639,0.3468013468013468,0.6884735202492211,0.43478260869565216,0.5918367346938775,0.47126436781609193,0.1724137931034483,0.2987012987012987,0.7271589486858573,0.2883435582822086,0.16923076923076924,0.4939759036144578,0.16923076923076924,0.1073170731707317,0.4767025089605735,0.25925925925925924,0.15
GTEX-XV7Q-0426-SM-4BRVN,GTEX-XV7Q,0.34,0.3978494623655914,0.24369747899159663,0.7959183673469388,0.2,0.6216216216216216,0.6666666666666666,0.007194244604316547,0.2571428571428571,0.6805896805896806,0.288,0.1111111111111111,0.26666666666666666,0.1746031746031746,0.18253968253968253,0.14893617021276595,0.3333333333333333,0.2
GTEX-XV7Q-0526-SM-4BRWR,GTEX-XV7Q,0.8967297762478486,0.8497109826589595,0.013574660633484163,0.2876712328767123,0.7377049180327869,0.9084668192219679,0.8780487804878049,0.7674418604651163,0.916083916083916,0.9744168547780286,0.20388349514563106,0.8490566037735849,0.7959183673469388,0.7884615384615384,0.7628298057407944,0.3373737373737374,0.5338345864661654,0.5151515151515151
GTEX-XV7Q-0626-SM-4BRV5,GTEX-XV7Q,0.8348214285714286,0.8653846153846154,0.022556390977443608,0.40728476821192056,0.7333333333333333,0.9019607843137255,0.8046875,0.926605504587156,0.9281437125748503,0.9828815977175464,0.11711711711711711,0.8787878787878788,0.9215686274509803,0.7263157894736842,0.8348821548821549,0.1891025641025641,0.5353535353535354,0.5555555555555556
GTEX-XV7Q-0726-SM-4BRV6,GTEX-XV7Q,0.21739130434782608,0.883495145631068,0.004081632653061225,0.027404085700049825,0.9,0.9617224880382775,0.8415841584158416,0.30612244897959184,0.8837920489296636,0.9747817652764307,0.6825396825396826,0.8591549295774648,0.7142857142857143,0.8235294117647058,0.5294117647058824,0.5882352941176471,0.8378378378378378,0.7757009345794392
GTEX-XV7Q-0826-SM-4BRV7,GTEX-XV7Q,0.23636363636363636,0.7894736842105263,0.05084745762711865,0.1315910132966529,0.9159663865546218,0.9438202247191011,0.8227848101265823,0.0847457627118644,0.8785714285714286,0.9745948313622427,0.6913183279742765,0.7014925373134329,0.5294117647058824,0.8260869565217391,0.313915857605178,0.26490066225165565,0.8741258741258742,0.6923076923076923
GTEX-XV7Q-0926-SM-4BRVQ,GTEX-XV7Q,0.9519519519519519,0.11564625850340136,0.7021276595744681,0.9567099567099567,0.04,0.2571428571428571,0.1729957805907173,0.061224489795918366,0.1346153846153846,0.48201438848920863,0.08771929824561403,0.07407407407407407,0.1320754716981132,0.08571428571428572,0.09359605911330049,0.10344827586206896,0.05084745762711865,0.0
GTEX-XV7Q-1026-SM-4BRVR,GTEX-XV7Q,0.5688073394495413,0.5580110497237569,0.03597122302158273,0.6893203883495146,0.8421052631578947,0.9052523171987642,0.9368421052631579,0.7355371900826446,0.9477611940298507,0.9601769911504425,0.17721518987341772,0.7263157894736842,0.7681159420289855,0.7197452229299363,0.9635343618513323,0.3209647495361781,0.3333333333333333,0.7931034482758621
GTEX-XV7Q-1126-SM-4BRVS,GTEX-XV7Q,0.9016393442622951,0.1566265060240964,0.37142857142857144,0.900497512437811,0.3333333333333333,0.8303030303030303,0.1278538812785388,0.25333333333333335,0.2246376811594203,0.6458852867830424,0.10975609756097561,0.13793103448275862,0.21739130434782608,0.25,0.8316400580551524,0.3726937269372694,0.14666666666666667,0.35714285714285715
GTEX-XV7Q-1226-SM-4BRVT,GTEX-XV7Q,0.5815899581589958,0.6260162601626016,0.013333333333333334,0.7117346938775511,1.0,0.8817480719794345,0.937984496124031,0.7864077669902912,0.893048128342246,0.9651972157772621,0.16666666666666666,0.7608695652173914,0.9090909090909091,0.7142857142857143,0.9690107270560191,0.20081135902636918,0.4430379746835443,0.6263736263736264
GTEX-XV7Q-1326-SM-4BRWM,GTEX-XV7Q,0.9568345323741008,0.16853932584269662,0.6060606060606061,0.9230769230769231,0.21951219512195122,0.5675675675675675,0.14285714285714285,0.14285714285714285,0.1258741258741259,0.4572025052192067,0.22535211267605634,0.20930232558139536,0.2727272727272727,0.14705882352941177,0.6571428571428571,0.20187793427230047,0.13725490196078433,0.05660377358490566
GTEX-XV7Q-1426-SM-4BRWA,GTEX-XV7Q,0.41935483870967744,0.6610169491525424,0.005405405405405406,0.38791946308724834,0.4482758620689655,0.92,0.6680161943319838,0.25675675675675674,0.8402777777777778,0.8617771509167842,0.20677966101694914,0.6140350877192983,0.875,0.4146341463414634,0.07317073170731707,0.40609137055837563,0.4751131221719457,0.12380952380952381
GTEX-XV7Q-1526-SM-4BRWB,GTEX-XV7Q,0.6491228070175439,0.6855345911949685,0.06569343065693431,0.6559546313799622,0.42857142857142855,0.9272727272727272,0.8486486486486486,0.5409836065573771,0.7239709443099274,0.9474671669793621,0.2523020257826888,0.5277777777777778,0.6666666666666666,0.5412844036697247,0.4413223140495868,0.14516129032258066,0.3466666666666667,0.14285714285714285
GTEX-XV7Q-1626-SM-4BRWC,GTEX-XV7Q,0.6941176470588235,0.4350282485875706,0.23300970873786409,0.4899536321483771,0.3142857142857143,1.0,0.3283582089552239,0.45263157894736844,0.620817843866171,0.915527950310559,0.21354166666666666,0.42028985507246375,0.4583333333333333,0.42424242424242425,0.36099585062240663,0.25,0.26666666666666666,0.2857142857142857
GTEX-XV7Q-1726-SM-4BRUU,GTEX-XV7Q,0.36666666666666664,0.4857142857142857,0.01694915254237288,0.6612903225806451,0.6086956521739131,0.8190954773869347,0.6666666666666666,0.26785714285714285,0.6219512195121951,0.8969849246231156,0.23076923076923078,0.5072463768115942,0.5882352941176471,0.4888888888888889,0.18438761776581428,0.37158469945355194,0.6946564885496184,0.5789473684210527
GTEX-XV7Q-1826-SM-4BRUV,GTEX-XV7Q,0.819047619047619,0.17073170731707318,0.26436781609195403,0.7861271676300579,0.058823529411764705,1.0,0.26582278481012656,0.3448275862068966,0.3445378151260504,0.5079365079365079,0.16842105263157894,0.35,0.28888888888888886,0.2,0.15294117647058825,0.4540229885057471,0.4782608695652174,0.21212121212121213
GTEX-XV7Q-2126-SM-4BRVX,GTEX-XV7Q,0.9294117647058824,0.03773584905660377,0.7169811320754716,0.9585547290116897,0.043478260869565216,1.0,0.2054794520547945,0.25,0.18566775244299674,0.44375,0.22580645161290322,0.12195121951219512,0.16666666666666666,0.15625,0.422680412371134,0.28169014084507044,0.1111111111111111,0.5
GTEX-XV7Q-2226-SM-4BRVY,GTEX-XV7Q,0.7619047619047619,0.7532467532467533,0.0392156862745098,0.5040871934604905,0.7317073170731707,0.9268867924528302,0.9239130434782609,0.8431372549019608,0.8988095238095238,0.9477533960292581,0.21485411140583555,0.8688524590163934,1.0,0.7058823529411765,0.9635258358662614,0.3671497584541063,0.6470588235294118,0.6990291262135923
GTEX-XV7Q-2326-SM-4BRVZ,GTEX-XV7Q,0.4358974358974359,0.6781609195402298,0.05982905982905983,0.6415094339622641,0.5555555555555556,0.5428571428571428,0.8333333333333334,0.27007299270072993,0.7427385892116183,0.9001085776330076,0.2788104089219331,0.7317073170731707,0.7037037037037037,0.37349397590361444,0.2,0.36212624584717606,0.7450980392156863,0.7183098591549296
GTEX-XV7Q-2426-SM-4BRV8,GTEX-XV7Q,0.8695652173913043,0.1210762331838565,0.25757575757575757,0.7100737100737101,0.17857142857142858,0.6585365853658537,0.1271186440677966,0.19540229885057472,0.24675324675324675,0.43457943925233644,0.15901060070671377,0.3333333333333333,0.15384615384615385,0.08333333333333333,0.15675675675675677,0.2944606413994169,0.18421052631578946,0.3877551020408163
GTEX-XV7Q-2526-SM-4BRV9,GTEX-XV7Q,0.827027027027027,0.4647887323943662,0.16153846153846155,0.6099173553719008,0.09375,0.8536585365853658,0.27956989247311825,0.1956521739130435,0.45517241379310347,0.6106194690265486,0.1553784860557769,0.391304347826087,0.32673267326732675,0.34615384615384615,0.10416666666666667,0.605,0.23076923076923078,0.2
GTEX-XV7Q-2626-SM-4BRVA,GTEX-XV7Q,0.4791666666666667,0.45454545454545453,0.036231884057971016,0.4684385382059801,0.25925925925925924,0.7619047619047619,0.6751269035532995,0.24752475247524752,0.5923566878980892,0.8561151079136691,0.2275132275132275,0.6388888888888888,0.5362318840579711,0.39285714285714285,0.09278350515463918,0.50625,0.7916666666666666,0.543859649122807
GTEX-XV7Q-2926-SM-4BRUL,GTEX-XV7Q,0.9722222222222222,1.0,0.0,0.04401408450704225,0.96,0.9305210918114144,0.9215686274509803,0.6923076923076923,0.9071428571428571,0.7577854671280276,0.7356076759061834,0.9242424242424242,0.7,0.9344262295081968,0.325,0.5151515151515151,0.922077922077922,0.90625
GTEX-Y114-0002-SM-4TT78,GTEX-Y114,1.0,0.0,1.0,0.9936958234830575,0.0,1.0,0.908675799086758,0.0,0.0,0.03549060542797495,0.3462157809983897,0.3202614379084967,0.08823529411764706,0.1282051282051282,0.6363636363636364,0.20426829268292682,0.16666666666666666,0.5483870967741935
GTEX-Y114-0006-SM-4TT76,GTEX-Y114,0.23076923076923078,0.0,0.912568306010929,1.0,0.03225806451612903,1.0,0.8,0.01545253863134658,0.005917159763313609,0.054945054945054944,0.4444444444444444,0.22727272727272727,0.088,0.14859437751004015,0.3333333333333333,0.43209876543209874,,
GTEX-Y114-0008-SM-4TT8X,GTEX-Y114,0.8494623655913979,0.6452328159645233,0.027848101265822784,0.26066350710900477,0.42857142857142855,0.875,0.7355371900826446,0.5,0.8949671772428884,0.9672489082969432,0.07729468599033816,0.9074074074074074,0.64,0.4057142857142857,0.014141414141414142,0.0440251572327044,0.711340206185567,0.6153846153846154
GTEX-Y114-0126-SM-4TT8K,GTEX-Y114,0.3783783783783784,0.8285714285714286,0.023255813953488372,0.03642572566875356,0.8558558558558559,0.9377431906614786,0.8769230769230769,0.8571428571428571,0.871313672922252,0.9362880886426593,0.689922480620155,0.873015873015873,0.5555555555555556,0.9338842975206612,0.6114519427402862,0.4520547945205479,0.9014084507042254,0.9117647058823529
GTEX-Y114-0226-SM-4TT8W,GTEX-Y114,0.48484848484848486,0.8260869565217391,0.08176100628930817,0.012416851441241685,0.9330143540669856,0.9788359788359788,0.8909090909090909,0.7313432835820896,0.9232736572890026,0.9579908675799087,0.8029556650246306,1.0,1.0,0.9764705882352941,0.6181818181818182,0.47641509433962265,0.8879668049792531,0.8828828828828829
GTEX-Y114-0326-SM-4TT99,GTEX-Y114,0.910913140311804,0.7575757575757576,0.0948905109489051,0.5388409371146733,0.5737704918032787,0.8931297709923665,0.8333333333333334,0.8888888888888888,0.813953488372093,0.9493006993006993,0.05714285714285714,0.927710843373494,0.6,0.9470198675496688,0.8281141266527487,0.1232876712328767,0.5636363636363636,0.75
GTEX-Y114-0426-SM-4TT6V,GTEX-Y114,0.8791208791208791,0.5609756097560976,0.016666666666666666,0.4708333333333333,0.7333333333333333,0.9518072289156626,0.8709677419354839,0.9397590361445783,0.8440677966101695,0.955719557195572,0.10377358490566038,0.9655172413793104,0.6533333333333333,0.9506172839506173,0.7417449664429531,0.08588957055214724,0.5221238938053098,0.5923566878980892
GTEX-Y114-0526-SM-4TT8V,GTEX-Y114,0.26495726495726496,0.12,0.22285714285714286,0.9736495388669302,0.2,0.7931034482758621,0.9181818181818182,0.17117117117117117,0.35555555555555557,0.5347137637028014,0.20833333333333334,0.4222222222222222,0.2837209302325581,0.1069182389937107,0.162227602905569,0.061386138613861385,0.22285714285714286,0.26956521739130435
GTEX-Y114-0626-SM-4TT98,GTEX-Y114,0.8904109589041096,0.36363636363636365,0.5251396648044693,0.8727015558698727,0.19101123595505617,0.7428571428571429,0.45161290322580644,0.5185185185185185,0.3182957393483709,0.4649859943977591,0.21739130434782608,0.5443037974683544,0.4,0.275,0.26019690576652604,0.3034300791556728,0.057692307692307696,0.25773195876288657
GTEX-Y114-0726-SM-4TT6U,GTEX-Y114,0.4105263157894737,0.14864864864864866,0.849624060150376,0.8943396226415095,0.0136986301369863,0.4,0.7536231884057971,0.1504424778761062,0.3907563025210084,0.4412770809578107,0.3116279069767442,0.6851851851851852,0.16363636363636364,0.25984251968503935,0.2471042471042471,0.2255772646536412,0.5828220858895705,0.6666666666666666
GTEX-Y114-0826-SM-4TT77,GTEX-Y114,0.9156626506024096,0.12244897959183673,0.84,0.9808383233532935,0.0,0.27586206896551724,0.2222222222222222,0.09090909090909091,0.03803131991051454,0.29603729603729606,0.12359550561797752,0.4805194805194805,0.11627906976744186,0.09302325581395349,0.25925925925925924,0.2517985611510791,0.021739130434782608,0.05116279069767442
GTEX-Y114-0926-SM-4TT7J,GTEX-Y114,0.9212598425196851,0.10933333333333334,0.6296296296296297,0.9619377162629758,0.08208955223880597,0.8531073446327684,0.18947368421052632,0.23741007194244604,0.17763157894736842,0.4256314312441534,0.11206896551724138,0.2768361581920904,0.046632124352331605,0.23756906077348067,0.6423611111111112,0.14824797843665768,0.028169014084507043,0.23404255319148937
GTEX-Y114-1126-SM-4TT7V,GTEX-Y114,0.875,0.8260869565217391,0.05660377358490566,0.6323529411764706,0.48214285714285715,0.866787494336203,0.935064935064935,0.9493670886075949,0.8974358974358975,0.9548872180451128,0.2391304347826087,0.9482758620689655,0.6,0.9191919191919192,0.9664779664779665,0.23636363636363636,0.14285714285714285,0.8623853211009175
GTEX-Y114-1226-SM-4TT88,GTEX-Y114,0.837037037037037,0.6864864864864865,0.05,0.5322153574580759,0.5849056603773585,0.8819095477386935,0.883495145631068,0.8608695652173913,0.801980198019802,0.8926174496644296,0.1598173515981735,0.8333333333333334,0.6875,0.8901098901098901,0.9542591978786874,0.3456221198156682,0.36666666666666664,0.9343283582089552
GTEX-Y114-1326-SM-4TT9A,GTEX-Y114,0.22033898305084745,0.47540983606557374,0.2558139534883721,0.6233635448136958,0.35714285714285715,0.6666666666666666,0.8431372549019608,0.46987951807228917,0.689594356261023,0.806282722513089,0.19540229885057472,0.5517241379310345,0.47619047619047616,0.4444444444444444,0.3665158371040724,0.27371273712737126,0.42857142857142855,0.7931034482758621
GTEX-Y114-1426-SM-4TT6W,GTEX-Y114,0.8620689655172413,0.34959349593495936,0.4634146341463415,0.8252595155709342,0.30666666666666664,0.8127853881278538,0.5952380952380952,0.589041095890411,0.3951219512195122,0.5847953216374269,0.15343915343915343,0.8780487804878049,0.2345679012345679,0.6606060606060606,0.9495268138801262,0.24882629107981222,0.3333333333333333,0.8992805755395683
GTEX-Y114-1526-SM-4TT79,GTEX-Y114,0.8095238095238095,0.8206896551724138,0.1282051282051282,0.5959963603275705,0.5555555555555556,0.8869323447636701,0.8865979381443299,0.8888888888888888,0.8154761904761905,0.9029850746268657,0.0962962962962963,0.9495798319327731,0.6923076923076923,0.9457364341085271,0.9679340357306458,0.4799154334038055,0.16666666666666666,0.8939929328621908
GTEX-Y114-1626-SM-4TT7I,GTEX-Y114,0.7900552486187845,0.7884615384615384,0.06572769953051644,0.5608832807570978,0.6305732484076433,0.8450450450450451,0.9288888888888889,0.8579234972677595,0.7927170868347339,0.8753462603878116,0.1875,0.9520958083832335,0.5,0.8977635782747604,0.9443991853360488,0.45788667687595713,0.2857142857142857,0.9483204134366925
GTEX-Y114-1726-SM-4TT7U,GTEX-Y114,0.6714285714285714,0.6566265060240963,0.10619469026548672,0.5511627906976744,0.35353535353535354,0.9636363636363636,0.8803418803418803,0.7157894736842105,0.7363083164300203,0.8606847697756789,0.1386861313868613,0.9166666666666666,0.5348837209302325,0.5460122699386503,0.4046021093000959,0.2,0.36860670194003525,0.6
GTEX-Y114-1826-SM-4TT87,GTEX-Y114,0.9477124183006536,0.8942307692307693,0.044673539518900345,0.427797833935018,0.5294117647058824,0.9439252336448598,0.9385964912280702,0.9404761904761905,0.8871794871794871,0.9413743392599712,0.099601593625498,0.948051948051948,0.6595744680851063,0.9259259259259259,0.769187675070028,0.21726618705035972,0.5161290322580645,0.8775510204081632
GTEX-Y114-1926-SM-4TT8J,GTEX-Y114,0.746031746031746,0.7818181818181819,0.02425876010781671,0.560126582278481,0.6220472440944882,0.9142526071842411,0.94,0.908675799086758,0.8276762402088773,0.8659420289855072,0.16312056737588654,0.9699248120300752,0.696969696969697,0.8848167539267016,0.9260847628657921,0.3256997455470738,0.29310344827586204,0.9246231155778895
GTEX-Y114-2026-SM-4TT7L,GTEX-Y114,0.903448275862069,0.42028985507246375,0.1690427698574338,0.6473282442748092,0.34831460674157305,0.7777777777777778,0.5897435897435898,0.422680412371134,0.6831683168316832,0.8422391857506362,0.20346320346320346,0.8333333333333334,0.40425531914893614,0.6,0.24798154555940022,0.45614035087719296,0.4722222222222222,0.6666666666666666
GTEX-Y114-2126-SM-4TT8B,GTEX-Y114,0.9459459459459459,0.15714285714285714,0.5362318840579711,0.9256360078277887,0.04,1.0,0.3050847457627119,0.6216216216216216,0.4108527131782946,0.2688821752265861,0.11224489795918367,0.59375,0.05454545454545454,0.2235294117647059,0.3493975903614458,0.2383177570093458,0.2857142857142857,0.48717948717948717
GTEX-Y114-2326-SM-4TT7X,GTEX-Y114,0.7349397590361446,0.5,0.06537530266343826,0.565470417070805,0.4,0.762962962962963,0.8875,0.3178294573643411,0.6341463414634146,0.8577648766328012,0.2127659574468085,0.9130434782608695,0.575,0.5375,0.2422680412371134,0.5625,0.696969696969697,0.6410256410256411
GTEX-Y114-2426-SM-4TT8A,GTEX-Y114,0.9434628975265018,0.17037037037037037,0.2558139534883721,0.866231647634584,0.09090909090909091,0.6875,0.26717557251908397,0.3617021276595745,0.4645669291338583,0.3687002652519894,0.1111111111111111,0.6530612244897959,0.05555555555555555,0.38666666666666666,0.2523364485981308,0.3186372745490982,0.5,0.3333333333333333
GTEX-Y114-2526-SM-4TT8M,GTEX-Y114,0.9890510948905109,0.7241379310344828,0.08108108108108109,0.019413092550790066,0.944954128440367,0.9780821917808219,1.0,0.9354838709677419,0.9349593495934959,0.9545454545454546,0.8076062639821029,0.987012987012987,0.7142857142857143,0.9636363636363636,0.43283582089552236,0.5294117647058824,0.966804979253112,0.9821029082774049
GTEX-Y114-2626-SM-4TT8Y,GTEX-Y114,0.41935483870967744,0.7066666666666667,0.047619047619047616,0.6373626373626373,0.6144578313253012,0.5246376811594203,0.9243243243243243,0.4603174603174603,0.7575757575757576,0.5278745644599303,0.2872340425531915,0.7428571428571429,0.7878787878787878,0.5604395604395604,0.23124042879019907,0.6761487964989059,0.8407079646017699,0.9217221135029354
GTEX-Y3IK-0001-SM-4WWE1,GTEX-Y3IK,0.7142857142857143,0.015151515151515152,0.9849624060150376,0.990405117270789,0.05555555555555555,0.6,0.8481012658227848,0.009615384615384616,0.005917159763313609,0.01834862385321101,0.4658536585365854,0.2289156626506024,0.04964539007092199,0.006711409395973154,0.7857142857142857,0.5114285714285715,0.13725490196078433,0.5319148936170213
GTEX-Y3IK-0005-SM-4WWDE,GTEX-Y3IK,0.0,0.0,0.8808510638297873,0.983739837398374,0.0,0.5,1.0,0.0125,0.010395010395010396,0.03225806451612903,0.47107438016528924,0.07317073170731707,0.038461538461538464,0.060240963855421686,0.5384615384615384,0.3611111111111111,,1.0
GTEX-Y3IK-0008-SM-4WWDZ,GTEX-Y3IK,0.7368421052631579,0.5477386934673367,0.0076726342710997444,0.5815217391304348,0.4146341463414634,0.75,0.6744186046511628,0.3050847457627119,0.7777777777777778,0.8931750741839762,0.10437710437710437,0.8620689655172413,0.46296296296296297,0.20588235294117646,0.012398921832884097,0.03189493433395872,0.65,0.2
GTEX-Y3IK-0126-SM-4WWE9,GTEX-Y3IK,0.5348837209302325,0.03571428571428571,0.8378378378378378,0.9735576923076923,0.0,0.7777777777777778,0.8536585365853658,0.04854368932038835,0.2665406427221172,0.28708133971291866,0.32515337423312884,0.391304347826087,0.1794871794871795,0.0847457627118644,0.23809523809523808,0.2204724409448819,1.0,1.0
GTEX-Y3IK-0226-SM-51MRJ,GTEX-Y3IK,0.28205128205128205,0.11904761904761904,0.453125,0.9773182121414277,0.2558139534883721,1.0,0.9310344827586207,0.012658227848101266,0.16087516087516088,0.4648729446935725,0.26956521739130435,0.13636363636363635,0.21212121212121213,0.09278350515463918,0.02666666666666667,0.0873015873015873,0.22641509433962265,0.22666666666666666
GTEX-Y3IK-0426-SM-4WWE2,GTEX-Y3IK,0.8817204301075269,0.01098901098901099,0.8305084745762712,0.95703125,0.18518518518518517,0.16666666666666666,0.18181818181818182,0.041666666666666664,0.041379310344827586,0.4322250639386189,0.10606060606060606,0.4,0.19148936170212766,0.02857142857142857,0.12380952380952381,0.17587939698492464,0.029787234042553193,0.01639344262295082
GTEX-Y3IK-0526-SM-4WWE3,GTEX-Y3IK,0.782051282051282,0.3181818181818182,0.5306553911205074,0.8266666666666667,0.2808988764044944,0.8461538461538461,0.3680297397769517,0.2808988764044944,0.23661971830985915,0.6692160611854685,0.12698412698412698,0.31645569620253167,0.5,0.19230769230769232,0.278125,0.41200828157349895,0.13253012048192772,0.4339622641509434
GTEX-Y3IK-0626-SM-4WWE4,GTEX-Y3IK,0.4583333333333333,0.3150684931506849,0.33774834437086093,0.6784452296819788,0.26666666666666666,0.7692307692307693,0.4742857142857143,0.24705882352941178,0.3772455089820359,0.7105263157894737,0.15736040609137056,0.45454545454545453,0.25,0.4117647058823529,0.5099601593625498,0.41262135922330095,0.504950495049505,0.5636363636363636
GTEX-Y3IK-0726-SM-4WWE5,GTEX-Y3IK,0.8883071553228621,0.8342541436464088,0.00964630225080386,0.27184466019417475,0.8412698412698413,0.8938679245283019,0.8285714285714286,0.9117647058823529,0.8968253968253969,0.9661620658949243,0.09090909090909091,0.8723404255319149,0.6666666666666666,0.7310924369747899,0.7678375411635565,0.2891156462585034,0.5769230769230769,0.6326530612244898
GTEX-Y3IK-0826-SM-51MT8,GTEX-Y3IK,0.2542372881355932,0.95,0.011363636363636364,0.009324667985306585,0.9672131147540983,0.991869918699187,0.95,0.5384615384615384,0.9606557377049181,0.9868593955321945,0.8076923076923077,0.7142857142857143,0.6,0.84,0.8061224489795918,0.920265780730897,0.9551282051282052,0.9019607843137255
GTEX-Y3IK-0926-SM-51MQU,GTEX-Y3IK,0.8560311284046692,0.7222222222222222,0.037800687285223365,0.485040797824116,0.647887323943662,0.8932806324110671,0.8048780487804879,0.7755102040816326,0.7512953367875648,0.968503937007874,0.15492957746478872,0.8857142857142857,0.5357142857142857,0.5537190082644629,0.8909925415949512,0.3569230769230769,0.6344086021505376,0.7051282051282052
GTEX-Y3IK-1026-SM-51MR7,GTEX-Y3IK,0.25,0.8620689655172413,0.017857142857142856,0.014861995753715499,0.9523809523809523,0.9661971830985916,0.8421052631578947,0.6206896551724138,0.9347826086956522,0.9803395889186773,0.7440758293838863,0.9710144927536232,1.0,0.697841726618705,0.7107843137254902,0.7738853503184714,0.9604938271604938,0.8996138996138996
GTEX-Y3IK-1126-SM-51MSV,GTEX-Y3IK,0.8757062146892656,0.09565217391304348,0.3787878787878788,0.9538950715421304,0.21649484536082475,0.8888888888888888,0.0778816199376947,0.26666666666666666,0.1882640586797066,0.5642633228840125,0.1111111111111111,0.24324324324324326,0.1111111111111111,0.25333333333333335,0.8025751072961373,0.1559633027522936,0.07936507936507936,0.5
GTEX-Y3IK-1226-SM-4WWEK,GTEX-Y3IK,0.6750902527075813,0.7588652482269503,0.023809523809523808,0.5164644714038128,0.7288135593220338,0.8762886597938144,0.8705882352941177,0.8194444444444444,0.8466257668711656,0.9428571428571428,0.18875502008032127,0.900990099009901,0.8214285714285714,0.6642335766423357,0.9437211255774884,0.49750415973377704,0.3885350318471338,0.8742857142857143
GTEX-Y3IK-1326-SM-4YCD8,GTEX-Y3IK,0.6986301369863014,0.6385542168674698,0.05747126436781609,0.6882591093117408,0.6119402985074627,0.8126361655773421,0.9298245614035088,0.8928571428571429,0.8045602605863192,0.9287169042769857,0.16062176165803108,0.7241379310344828,0.7872340425531915,0.6896551724137931,0.9625528488020938,0.2673611111111111,0.2698412698412698,0.7669902912621359
GTEX-Y3IK-1426-SM-4YCES,GTEX-Y3IK,1.0,0.13432835820895522,0.7409326424870466,0.9761702127659575,0.18518518518518517,0.38095238095238093,0.0761904761904762,0.13043478260869565,0.06015037593984962,0.3125,0.21367521367521367,0.17647058823529413,0.02564102564102564,0.1320754716981132,0.48717948717948717,0.15789473684210525,0.03225806451612903,0.043478260869565216
GTEX-Y3IK-1626-SM-4YCF5,GTEX-Y3IK,0.916030534351145,0.0896551724137931,0.20930232558139536,0.6708860759493671,0.10204081632653061,0.7575757575757576,0.35,0.31645569620253167,0.2579505300353357,0.552,0.10967741935483871,0.673469387755102,0.2777777777777778,0.1951219512195122,0.18478260869565216,0.2735703245749614,0.3333333333333333,0.46153846153846156
GTEX-Y3IK-1726-SM-4YCCR,GTEX-Y3IK,0.813953488372093,0.696969696969697,0.4105263157894737,0.7559171597633136,0.4594594594594595,0.7972166998011928,0.5580110497237569,0.4700854700854701,0.5174418604651163,0.806970509383378,0.16049382716049382,0.6744186046511628,0.2835820895522388,0.4845360824742268,0.8918918918918919,0.5196850393700787,0.5862068965517241,0.7005347593582888
GTEX-Y3IK-1826-SM-4WWDS,GTEX-Y3IK,0.9696048632218845,0.049723756906077346,0.7669172932330827,0.9358552631578947,0.26666666666666666,0.7913043478260869,0.18072289156626506,0.2,0.2152777777777778,0.5096153846153846,0.16602316602316602,0.5185185185185185,0.0625,0.29545454545454547,0.8807157057654076,0.29411764705882354,0.1891891891891892,0.7894736842105263
GTEX-Y3IK-2026-SM-4YCDG,GTEX-Y3IK,0.2,0.7467532467532467,0.046242774566473986,0.7198443579766537,0.4166666666666667,0.8,0.7244897959183674,0.36633663366336633,0.8404255319148937,0.9431137724550899,0.23076923076923078,0.6559139784946236,0.8518518518518519,0.2631578947368421,0.0717614165890028,0.5287356321839081,0.5234215885947047,0.21052631578947367
GTEX-Y3IK-2126-SM-4YCDS,GTEX-Y3IK,0.8,0.8333333333333334,0.07344632768361582,0.4539781591263651,0.5789473684210527,0.8779661016949153,0.824,0.8278145695364238,0.9118457300275482,0.9696117051209905,0.15384615384615385,0.8163265306122449,0.7241379310344828,0.6644295302013423,0.5986659255141745,0.32063492063492066,0.5368421052631579,0.41379310344827586
GTEX-Y3IK-2226-SM-4YCD4,GTEX-Y3IK,0.944,0.17525773195876287,0.34572490706319703,0.8817345597897503,0.0891089108910891,0.65,0.07063197026022305,0.2923076923076923,0.2569832402234637,0.4901315789473684,0.05726872246696035,0.4025974025974026,0.04950495049504951,0.2608695652173913,0.17183098591549295,0.2838709677419355,0.13548387096774195,0.375
GTEX-Y3IK-2326-SM-4WWDT,GTEX-Y3IK,0.7900552486187845,0.432,0.22560975609756098,0.6947162426614482,0.25274725274725274,0.7333333333333333,0.4410480349344978,0.34065934065934067,0.543026706231454,0.8097165991902834,0.10614525139664804,0.6666666666666666,0.4626865671641791,0.20987654320987653,0.24022346368715083,0.42718446601941745,0.6341463414634146,0.35323383084577115
GTEX-Y3IK-2426-SM-4WWDU,GTEX-Y3IK,0.8526315789473684,0.10662824207492795,0.6086956521739131,0.8734439834024896,0.06976744186046512,0.5555555555555556,0.35833333333333334,0.21518987341772153,0.25384615384615383,0.31212121212121213,0.09361702127659574,0.5441176470588235,0.07692307692307693,0.1559633027522936,0.2847682119205298,0.17523056653491437,0.16129032258064516,0.4375
GTEX-Y3IK-2526-SM-4WWDM,GTEX-Y3IK,0.32608695652173914,0.5333333333333333,0.11650485436893204,0.5225522552255225,0.4,0.8027210884353742,0.8797814207650273,0.391705069124424,0.5851851851851851,0.8394950405770965,0.1282051282051282,0.8117647058823529,0.3592233009708738,0.3763440860215054,0.30186823992133727,0.46511627906976744,0.7647058823529411,0.8347107438016529
GTEX-Y3IK-2626-SM-4WWDK,GTEX-Y3IK,0.9536423841059603,0.9682539682539683,0.21428571428571427,0.017463235294117647,0.7014925373134329,0.9553072625698324,0.967741935483871,1.0,0.8284313725490197,0.656957928802589,0.4488517745302714,0.9867549668874173,1.0,0.9466666666666667,0.375,0.5294117647058824,0.6326530612244898,1.0
GTEX-Y3IK-2726-SM-4WWDV,GTEX-Y3IK,0.452991452991453,0.7446808510638298,0.026399155227032733,0.32564102564102565,0.6853932584269663,0.5465994962216625,0.9130434782608695,0.3888888888888889,0.7903682719546742,0.6157855547282204,0.2342007434944238,0.7241379310344828,0.6857142857142857,0.4492753623188406,0.21114683815648447,0.8036605657237936,0.7808219178082192,0.8702928870292888
GTEX-Y3IK-2826-SM-4WWDW,GTEX-Y3IK,0.8936170212765957,0.8947368421052632,0.0078125,0.3403582718651212,0.6296296296296297,0.8594401429422275,0.8504672897196262,0.8602150537634409,0.8110749185667753,0.9604885057471264,0.07407407407407407,0.9230769230769231,0.7857142857142857,0.6790123456790124,0.9146302761028245,0.24585987261146497,0.5865384615384616,0.8279569892473119
GTEX-YFC4-0006-SM-4RGLV,GTEX-YFC4,0.09090909090909091,0.047619047619047616,0.8425925925925926,0.8629032258064516,0.020833333333333332,1.0,0.4,0.02247191011235955,0.002036659877800407,0.05952380952380952,0.5535714285714286,0.21568627450980393,0.058823529411764705,0.19672131147540983,0.5384615384615384,0.4514285714285714,1.0,1.0
GTEX-YFC4-0008-SM-4RGM3,GTEX-YFC4,0.9259259259259259,0.7369439071566731,0.022727272727272728,0.2148626817447496,0.3422818791946309,0.8333333333333334,0.6496062992125984,0.6170212765957447,0.9060402684563759,0.9473251028806584,0.08794788273615635,0.8446601941747572,0.5267175572519084,0.5189873417721519,0.019575177009579343,0.06690777576853527,0.6610169491525424,0.21428571428571427
GTEX-YFC4-0011-R10a-SM-4SOK5,GTEX-YFC4,0.7142857142857143,0.2376470588235294,0.3059360730593607,0.981029810298103,0.7407407407407407,0.11904761904761904,1.0,0.9653846153846154,0.1417624521072797,0.3401709401709402,0.96875,0.09803921568627451,1.0,0.18181818181818182,0.13333333333333333,0.9982773471145564,0.23076923076923078,0.47368421052631576
GTEX-YFC4-0011-R11a-SM-4SOK6,GTEX-YFC4,0.9402460456942003,0.22560975609756098,0.7304964539007093,0.990521327014218,0.8235294117647058,0.027522935779816515,1.0,0.985440105890139,0.07984790874524715,0.45,0.9715639810426541,0.14035087719298245,0.9285714285714286,0.3090909090909091,0.07352941176470588,0.9952913478516775,0.0,0.639344262295082
GTEX-YFC4-0011-R1a-SM-4V6EH,GTEX-YFC4,0.6116504854368932,0.1951219512195122,0.3198992443324937,0.9749857873791927,0.8484848484848485,0.14666666666666667,1.0,0.8128654970760234,0.23192019950124687,0.25307125307125306,0.9512195121951219,0.13043478260869565,1.0,0.14285714285714285,0.15217391304347827,0.9890590809628009,0.46,0.4594594594594595
GTEX-YFC4-0011-R2a-SM-4V6DZ,GTEX-YFC4,0.5679012345679012,0.8446601941747572,0.11724137931034483,0.8523076923076923,0.7878787878787878,0.7301587301587301,0.8846153846153846,0.5882352941176471,0.3639344262295082,0.6804619826756496,0.6090225563909775,0.423728813559322,0.8032786885245902,0.8275862068965517,0.9063444108761329,0.8090185676392573,0.7439024390243902,0.5327102803738317
GTEX-YFC4-0011-R3a-SM-4RGLP,GTEX-YFC4,0.6589147286821705,0.18518518518518517,0.4961832061068702,0.984070796460177,0.88,0.09090909090909091,0.9649122807017544,0.9440559440559441,0.15586690017513136,0.2817574021012416,0.9878787878787879,0.0,0.9310344827586207,0.13157894736842105,0.15789473684210525,0.9956663055254604,0.2459016393442623,0.4666666666666667
GTEX-YFC4-0011-R4a-SM-4RGLQ,GTEX-YFC4,0.325,0.2655367231638418,0.23595505617977527,0.9560439560439561,0.7105263157894737,0.13559322033898305,0.8933333333333333,0.9278688524590164,0.3430232558139535,0.24779874213836478,0.8952879581151832,0.08571428571428572,0.6585365853658537,0.2777777777777778,0.21481481481481482,0.9911111111111112,0.5428571428571428,0.45054945054945056
GTEX-YFC4-0011-R5a-SM-4RGLR,GTEX-YFC4,0.13793103448275862,0.4591194968553459,0.15639810426540285,0.9586410635155096,0.6956521739130435,0.0673076923076923,0.92,0.8691588785046729,0.45118733509234826,0.2706681766704417,0.9473684210526315,0.08695652173913043,0.6666666666666666,0.3684210526315789,0.21782178217821782,0.9637462235649547,0.5471698113207547,0.5327102803738317
GTEX-YFC4-0011-R6b-SM-4V6E1,GTEX-YFC4,0.30864197530864196,0.4782608695652174,0.0914826498422713,0.9054621848739496,1.0,0.19298245614035087,0.9333333333333333,0.1836734693877551,0.423728813559322,0.45428156748911463,0.9340659340659341,0.043478260869565216,0.52,0.45,0.12582781456953643,0.9547325102880658,0.8823529411764706,0.3090909090909091
GTEX-YFC4-0011-R7b-SM-4V6E2,GTEX-YFC4,0.08641975308641975,0.392,0.13738019169329074,0.9324975891996142,0.68,0.13793103448275862,0.8260869565217391,0.7471264367816092,0.4899328859060403,0.32045088566827695,0.8955223880597015,0.15789473684210525,0.75,0.07692307692307693,0.05747126436781609,0.9478260869565217,0.5789473684210527,0.7590361445783133
GTEX-YFC4-0011-R8a-SM-4SOK3,GTEX-YFC4,0.3,0.46153846153846156,0.16417910447761194,0.9736842105263158,0.7254901960784313,0.125,1.0,0.25925925925925924,0.3488372093023256,0.41154562383612664,0.8657718120805369,0.02857142857142857,0.8604651162790697,0.42857142857142855,0.27102803738317754,0.9743223965763196,0.44680851063829785,0.38461538461538464
GTEX-YFC4-0011-R9a-SM-4SOK4,GTEX-YFC4,0.42105263157894735,0.643312101910828,0.1227364185110664,0.9,0.7931034482758621,0.17142857142857143,0.9245283018867925,0.6764705882352942,0.2818181818181818,0.4990859232175503,0.8536585365853658,0.15789473684210525,0.825,0.35135135135135137,0.3446327683615819,0.983739837398374,0.9223300970873787,0.45454545454545453
GTEX-YFC4-0126-SM-5CVLY,GTEX-YFC4,0.9256505576208178,0.15384615384615385,0.20634920634920634,0.8238993710691824,0.022222222222222223,0.8823529411764706,0.15254237288135594,0.4482758620689655,0.31950207468879666,0.4837310195227766,0.10784313725490197,0.5280898876404494,0.12643678160919541,0.2222222222222222,0.31125827814569534,0.14978601997146934,0.24444444444444444,0.4074074074074074
GTEX-YFC4-0226-SM-57WD2,GTEX-YFC4,0.4557823129251701,0.6444444444444445,0.028423772609819122,0.3276676109537299,0.3253012048192771,0.7959183673469388,0.8571428571428571,0.4393939393939394,0.6986301369863014,0.8908765652951699,0.22105263157894736,0.7183098591549296,0.6341463414634146,0.7659574468085106,0.24472333143183114,0.353204172876304,0.7857142857142857,0.6065573770491803
GTEX-YFC4-0326-SM-4TT3U,GTEX-YFC4,0.8428184281842819,0.8703703703703703,0.018867924528301886,0.2468354430379747,0.6388888888888888,0.927360774818402,0.8248175182481752,0.8461538461538461,0.8223684210526315,0.9274261603375528,0.11242603550295859,0.8333333333333334,0.6065573770491803,0.9602649006622517,0.5240836691613894,0.48,0.42028985507246375,0.6951672862453532
GTEX-YFC4-0426-SM-4TT3J,GTEX-YFC4,0.22388059701492538,0.7857142857142857,0.014354066985645933,0.01884788956729493,0.7931034482758621,0.9685863874345549,0.8214285714285714,0.4246575342465753,0.8771929824561403,0.9365638766519824,0.6190476190476191,0.78125,0.7391304347826086,0.927710843373494,0.4696969696969697,0.5849673202614379,0.7819025522041764,0.7461538461538462
GTEX-YFC4-0826-SM-5CVM1,GTEX-YFC4,0.3944954128440367,0.8793103448275862,0.0029585798816568047,0.33434190620272314,0.6666666666666666,0.6028368794326241,0.9037433155080213,0.3902439024390244,0.8511627906976744,0.6706827309236948,0.26495726495726496,0.6941176470588235,0.7966101694915254,0.6976744186046512,0.16009852216748768,0.7319819819819819,0.85,0.8366013071895425
GTEX-YFC4-0926-SM-5S2U7,GTEX-YFC4,0.8486171761280932,0.7986577181208053,0.0,0.3712121212121212,0.7647058823529411,0.8540596094552929,0.9310344827586207,0.8974358974358975,0.871244635193133,0.9601903937689312,0.06938775510204082,0.8947368421052632,0.7586206896551724,0.8781725888324873,0.8806074358526793,0.18010752688172044,0.4225352112676056,0.8346456692913385
GTEX-YFC4-1026-SM-5RQJM,GTEX-YFC4,0.9906103286384976,1.0,0.0,0.01126126126126126,1.0,0.9905882352941177,0.9393939393939394,0.7037037037037037,0.9351351351351351,0.9617021276595744,0.8216216216216217,1.0,1.0,0.9361702127659575,0.47619047619047616,0.8378378378378378,0.9838709677419355,0.9893617021276596
GTEX-YFC4-1126-SM-5RQJN,GTEX-YFC4,0.3684210526315789,0.5692307692307692,0.17307692307692307,0.5,0.1836734693877551,1.0,0.6305732484076433,0.14563106796116504,0.364,0.6102719033232629,0.19047619047619047,0.7272727272727273,0.3559322033898305,0.5081967213114754,0.27850467289719627,0.3474088291746641,0.3157894736842105,0.2727272727272727
GTEX-YFC4-1226-SM-5LU9R,GTEX-YFC4,0.8620689655172413,0.15,0.4583333333333333,0.9678407350689127,0.047619047619047616,1.0,0.17142857142857143,0.17857142857142858,0.1111111111111111,0.28164556962025317,0.07096774193548387,0.14285714285714285,0.030303030303030304,0.16666666666666666,0.6338028169014085,0.03614457831325301,0.10256410256410256,1.0
GTEX-YFC4-1426-SM-5IFJG,GTEX-YFC4,0.875,0.437125748502994,0.12318840579710146,0.6524390243902439,0.23076923076923078,0.7777777777777778,0.30434782608695654,0.362962962962963,0.3956386292834891,0.7213403880070547,0.15789473684210525,0.5324675324675324,0.41333333333333333,0.5,0.04964539007092199,0.540500736377025,0.6082474226804123,0.0990990990990991
GTEX-YFC4-1526-SM-5IFJS,GTEX-YFC4,1.0,0.0,0.25,0.9785905441570026,0.058823529411764705,0.4166666666666667,0.5135135135135135,0.034482758620689655,0.12550607287449392,0.9696969696969697,0.06329113924050633,0.23809523809523808,0.07692307692307693,0.2765957446808511,0.10256410256410256,0.15942028985507245,0.4838709677419355,0.05
GTEX-YFC4-2626-SM-5P9FQ,GTEX-YFC4,0.7111111111111111,0.16279069767441862,0.7245179063360881,0.8683127572016461,0.06451612903225806,0.2,0.4647887323943662,0.1111111111111111,0.14213197969543148,0.42735042735042733,0.22857142857142856,0.21212121212121213,0.2878787878787879,0.3050847457627119,0.05226480836236934,0.3485342019543974,0.26153846153846155,0.2727272727272727
GTEX-YFC4-2726-SM-5IFJW,GTEX-YFC4,0.6470588235294118,0.6781609195402298,0.017857142857142856,0.29473684210526313,0.37037037037037035,1.0,0.7317073170731707,0.5813953488372093,0.8351254480286738,0.918918918918919,0.16,0.7383177570093458,0.9,0.6774193548387096,0.08623853211009175,0.37844611528822053,0.5591397849462365,0.13157894736842105
GTEX-YFC4-2826-SM-5P9FR,GTEX-YFC4,0.7657657657657657,0.7704918032786885,0.031055900621118012,0.37315634218289084,0.391304347826087,0.8648648648648649,0.6052631578947368,0.8015267175572519,0.8680351906158358,0.9724018973695558,0.1111111111111111,0.8529411764705882,0.75,0.9375,0.5716272600834492,0.4200426439232409,0.7090909090909091,0.4126984126984127
GTEX-YFC4-2926-SM-5IFJ8,GTEX-YFC4,0.8983050847457628,0.7464788732394366,0.005952380952380952,0.256,0.5263157894736842,0.8333333333333334,0.7419354838709677,0.6941176470588235,0.8680555555555556,0.9713914174252276,0.13131313131313133,0.6785714285714286,0.7741935483870968,0.9349593495934959,0.5692307692307692,0.28368794326241137,0.2,0.5211267605633803
GTEX-YFC4-3026-SM-5IFJK,GTEX-YFC4,0.9453125,0.25,0.49356223175965663,0.9650959860383944,0.7,0.10344827586206896,1.0,0.9842726081258192,0.11787072243346007,0.4342629482071713,0.9261744966442953,0.07692307692307693,0.9649122807017544,0.3076923076923077,0.4166666666666667,0.9880647911338448,0.08333333333333333,0.47619047619047616
GTEX-YFC4-3126-SM-5PNV6,GTEX-YFC4,0.625,0.21630094043887146,0.2835820895522388,0.9770700636942675,0.813953488372093,0.1,0.9761904761904762,0.9363484087102177,0.22330097087378642,0.3472803347280335,0.9658119658119658,0.1282051282051282,0.8461538461538461,0.2459016393442623,0.19047619047619047,0.9968652037617555,0.3,0.5348837209302325
GTEX-YFC4-3226-SM-5CVM2,GTEX-YFC4,0.673469387755102,0.056179775280898875,0.37815126050420167,0.9237668161434978,0.3333333333333333,0.375,0.7021276595744681,0.38461538461538464,0.16710875331564987,0.2504638218923933,0.24324324324324326,0.3469387755102041,0.6842105263157895,0.061224489795918366,0.09401709401709402,0.9101796407185628,0.05128205128205128,0.21739130434782608
GTEX-ZAB4-0005-SM-4RGM8,GTEX-ZAB4,0.0,0.0,0.8333333333333334,0.967741935483871,0.01694915254237288,,0.0,0.022222222222222223,0.022727272727272728,0.010309278350515464,0.6086956521739131,0.22580645161290322,0.07407407407407407,0.050505050505050504,1.0,0.4084507042253521,0.0,
GTEX-ZAB4-0008-SM-4RGM6,GTEX-ZAB4,0.9090909090909091,0.5830985915492958,0.023255813953488372,0.4920071047957371,0.40217391304347827,1.0,0.6896551724137931,0.8157894736842105,0.8418604651162791,0.9723698193411264,0.07692307692307693,0.9753086419753086,0.32727272727272727,0.5444444444444444,0.012448132780082987,0.026923076923076925,0.5737704918032787,0.5
GTEX-ZAB4-0011-R10a-SM-4SOKH,GTEX-ZAB4,0.6179775280898876,0.32673267326732675,0.21505376344086022,0.9520789288231148,0.72,0.225,0.9375,0.9620253164556962,0.3468354430379747,0.30809399477806787,0.96996996996997,0.32,0.7222222222222222,0.2631578947368421,0.04827586206896552,0.9782062028499581,0.28,0.627906976744186
GTEX-ZAB4-0011-R11a-SM-4SOKI,GTEX-ZAB4,0.965194109772423,0.15572232645403378,0.8823529411764706,0.9821109123434705,0.6666666666666666,0.03225806451612903,1.0,0.9984848484848485,0.0584958217270195,0.24610591900311526,0.979381443298969,0.13793103448275862,0.84,0.21739130434782608,0.10843373493975904,0.9973753280839895,0.0,0.5
GTEX-ZAB4-0011-R1a-SM-4RGNO,GTEX-ZAB4,0.65,0.4,0.15581854043392504,0.9198966408268734,0.76,0.23529411764705882,0.9032258064516129,0.8378378378378378,0.40611353711790393,0.22719734660033167,0.9389312977099237,0.2903225806451613,0.6923076923076923,0.2857142857142857,0.06666666666666667,0.9757207890743551,0.56,0.41379310344827586
GTEX-ZAB4-0011-R2a-SM-4RGNP,GTEX-ZAB4,0.4090909090909091,0.7638888888888888,0.1050228310502283,0.8702460850111857,0.7669902912621359,0.16216216216216217,0.9545454545454546,0.32142857142857145,0.41044776119402987,0.31497418244406195,0.7307692307692307,0.14285714285714285,0.9642857142857143,0.5757575757575758,0.10828025477707007,0.9747474747474747,0.8252427184466019,0.36666666666666664
GTEX-ZAB4-0011-R3a-SM-4RGNQ,GTEX-ZAB4,0.673469387755102,0.22968197879858657,0.2433234421364985,0.9659090909090909,0.7623762376237624,0.10465116279069768,0.8532110091743119,0.941747572815534,0.2289156626506024,0.192,0.9863945578231292,0.07142857142857142,0.7142857142857143,0.01639344262295082,0.15428571428571428,0.994556341861731,0.12,0.5304347826086957
GTEX-ZAB4-0011-R4a-SM-4SOKB,GTEX-ZAB4,0.6571428571428571,0.2537313432835821,0.16595744680851063,0.9544303797468354,0.5625,0.45454545454545453,1.0,0.8914027149321267,0.29464285714285715,0.2175824175824176,0.9432624113475178,0.1724137931034483,1.0,0.20930232558139536,0.2054794520547945,0.954639175257732,0.5555555555555556,0.2
GTEX-ZAB4-0011-R5a-SM-4SOKC,GTEX-ZAB4,0.5,0.325,0.17504332755632582,0.9454545454545454,0.7209302325581395,0.23699421965317918,0.8701298701298701,0.933649289099526,0.4172661870503597,0.16292134831460675,0.930635838150289,0.16666666666666666,0.7931034482758621,0.22580645161290322,0.1038961038961039,0.975609756097561,0.15942028985507245,0.6781609195402298
GTEX-ZAB4-0011-R6a-SM-4SOKD,GTEX-ZAB4,0.4603174603174603,0.45161290322580644,0.1572700296735905,0.9224030037546934,0.8113207547169812,0.29577464788732394,0.9487179487179487,0.3023255813953488,0.3891625615763547,0.36616702355460384,0.975609756097561,0.4,0.6666666666666666,0.23076923076923078,0.19607843137254902,0.9724950884086444,0.6551724137931034,0.8
GTEX-ZAB4-0011-R7a-SM-4SOKE,GTEX-ZAB4,0.5416666666666666,0.34285714285714286,0.21910112359550563,0.9525283797729618,0.7,0.17857142857142858,0.9523809523809523,0.9382716049382716,0.375,0.19324577861163228,0.9368421052631579,0.09090909090909091,0.9047619047619048,0.15151515151515152,0.1919191919191919,0.9887798036465638,0.24675324675324675,0.6
GTEX-ZAB4-0011-R8b-SM-4SOKF,GTEX-ZAB4,0.5247524752475248,0.5353535353535354,0.10152284263959391,0.9212050984936269,0.6727272727272727,0.2786885245901639,0.8723404255319149,0.3,0.42857142857142855,0.36024844720496896,0.8870967741935484,0.19148936170212766,0.6774193548387096,0.5,0.28654970760233917,0.9251336898395722,0.5409836065573771,0.4883720930232558
GTEX-ZAB4-0011-R9a-SM-4SOKG,GTEX-ZAB4,0.5428571428571428,0.6037735849056604,0.1674641148325359,0.8229598893499308,0.8372093023255814,0.32972972972972975,0.797979797979798,0.7391304347826086,0.34057971014492755,0.32231404958677684,0.7380952380952381,0.29411764705882354,0.5384615384615384,0.21212121212121213,0.20346320346320346,0.9689922480620154,0.75,0.29411764705882354
GTEX-ZAB4-0126-SM-5CVMG,GTEX-ZAB4,0.1111111111111111,0.13333333333333333,0.3435114503816794,0.868020304568528,0.03571428571428571,0.5,0.9019607843137255,0.4426229508196721,0.1487758945386064,0.14742014742014742,0.7237569060773481,0.1590909090909091,0.08641975308641975,0.13402061855670103,0.19844357976653695,0.5730994152046783,0.25,0.48717948717948717
GTEX-ZAB4-0226-SM-5N9F5,GTEX-ZAB4,0.776536312849162,0.17391304347826086,0.2696629213483146,0.75,0.05154639175257732,0.9354838709677419,0.5352112676056338,0.23636363636363636,0.24556962025316456,0.3905996758508914,0.14909090909090908,0.7317073170731707,0.16455696202531644,0.42857142857142855,0.5095785440613027,0.22437673130193905,0.0,0.5238095238095238
GTEX-ZAB4-0426-SM-5HL7N,GTEX-ZAB4,0.9439252336448598,0.7560975609756098,0.2,0.03026481715006305,0.9215686274509803,0.9903381642512077,1.0,0.9130434782608695,0.7643312101910829,0.7242718446601941,0.5689655172413793,0.9866666666666667,1.0,0.9615384615384616,0.3684210526315789,0.36231884057971014,0.8181818181818182,0.978494623655914
GTEX-ZAB4-0526-SM-5HL7Z,GTEX-ZAB4,0.84,0.8208955223880597,0.05128205128205128,0.32598039215686275,0.6,0.9433962264150944,0.7419354838709677,0.8888888888888888,0.7860082304526749,0.9548872180451128,0.15,0.9047619047619048,0.6417910447761194,0.9661016949152542,0.8420195439739414,0.2596401028277635,0.27906976744186046,0.4457831325301205
GTEX-ZAB4-0626-SM-5CVN3,GTEX-ZAB4,0.42857142857142855,0.5526315789473685,0.09554140127388536,0.5517730496453901,0.16216216216216217,0.8787878787878788,0.6176470588235294,0.30526315789473685,0.3943217665615142,0.8142414860681114,0.2789115646258503,0.4090909090909091,0.25333333333333335,0.5405405405405406,0.21163166397415187,0.21690140845070421,0.49019607843137253,0.37142857142857144
GTEX-ZAB4-0726-SM-5HL8I,GTEX-ZAB4,0.8193146417445483,0.76,0.021406727828746176,0.36754507628294036,0.46987951807228917,0.9039039039039038,0.71900826446281,0.6511627906976745,0.8046875,0.9189971070395371,0.14619883040935672,0.9523809523809523,0.6119402985074627,0.8991596638655462,0.8235029266096353,0.30787589498806683,0.35135135135135137,0.6516129032258065
GTEX-ZAB4-0826-SM-5LU9D,GTEX-ZAB4,0.9528301886792453,0.25,0.058823529411764705,0.9210191082802548,0.15789473684210525,0.9565217391304348,0.38461538461538464,0.043478260869565216,0.17857142857142858,0.9553072625698324,0.1702127659574468,0.2727272727272727,0.5,0.39622641509433965,0.18654434250764526,0.2465753424657534,0.5833333333333334,0.11538461538461539
GTEX-ZAB4-0926-SM-5CVN4,GTEX-ZAB4,0.1223021582733813,0.704225352112676,0.039473684210526314,0.027280477408354646,0.8313253012048193,0.9732142857142857,0.7171717171717171,0.4883720930232558,0.8703071672354948,0.973142345568487,0.7384615384615385,0.9487179487179487,0.5121951219512195,0.7831325301204819,0.5963060686015831,0.5431754874651811,0.875,0.7427385892116183
GTEX-ZAB4-1026-SM-5HL7T,GTEX-ZAB4,0.26436781609195403,0.7297297297297297,0.023923444976076555,0.02208398133748056,0.8591549295774648,0.9827586206896551,0.6785714285714286,0.5135135135135135,0.8734177215189873,0.9912854030501089,0.6275862068965518,0.8666666666666667,0.8888888888888888,0.8541666666666666,0.3142857142857143,0.7176470588235294,0.9722222222222222,0.7657657657657657
GTEX-ZAB4-1126-SM-5HL86,GTEX-ZAB4,0.9506172839506173,0.14018691588785046,0.2631578947368421,0.9392824287028518,0.16883116883116883,0.9238095238095239,0.12956810631229235,0.2112676056338028,0.15654952076677317,0.4589178356713427,0.14173228346456693,0.45454545454545453,0.09090909090909091,0.2542372881355932,0.804,0.24444444444444444,0.07692307692307693,0.6
GTEX-ZAB4-1226-SM-5CVN5,GTEX-ZAB4,0.7323943661971831,0.7435897435897436,0.016722408026755852,0.4454621149042465,0.3333333333333333,0.888,0.7352941176470589,0.5652173913043478,0.7818181818181819,0.9251170046801872,0.24742268041237114,0.8571428571428571,0.8666666666666667,0.984,0.8752783964365256,0.4367816091954023,0.3469387755102041,0.5929203539823009
GTEX-ZAB4-1426-SM-5CVN6,GTEX-ZAB4,0.29523809523809524,0.34502923976608185,0.18207282913165265,0.48297604035308955,0.1504424778761062,0.8181818181818182,0.748792270531401,0.06666666666666667,0.44173441734417346,0.7186700767263428,0.3548387096774194,0.3333333333333333,0.3402061855670103,0.373134328358209,0.04093567251461988,0.23859649122807017,0.5972222222222222,0.19148936170212766
GTEX-ZAB4-1526-SM-5CVN7,GTEX-ZAB4,0.9212598425196851,0.2222222222222222,0.43434343434343436,0.9393939393939394,0.14285714285714285,0.3548387096774194,0.15151515151515152,0.13513513513513514,0.04411764705882353,0.2765957446808511,0.1836734693877551,0.25,0.16666666666666666,0.20512820512820512,0.5616438356164384,0.21008403361344538,0.0,0.10144927536231885
GTEX-ZAB4-1726-SM-5HL8C,GTEX-ZAB4,0.9772727272727273,0.05263157894736842,0.5686274509803921,0.9556213017751479,0.14285714285714285,0.5,0.21568627450980393,0.1,0.016286644951140065,0.3390804597701149,0.06521739130434782,0.16666666666666666,0.2,0.2916666666666667,0.23636363636363636,0.2753623188405797,0.029411764705882353,0.038461538461538464
GTEX-ZAB4-1826-SM-5HL8O,GTEX-ZAB4,0.30952380952380953,0.4782608695652174,0.23850574712643677,0.6064690026954178,0.3333333333333333,0.6923076923076923,0.981651376146789,0.32075471698113206,0.4378698224852071,0.297442799461642,0.1724137931034483,0.8484848484848485,0.574468085106383,0.6790123456790124,0.41379310344827586,0.48261758691206547,0.625,0.8877551020408163
GTEX-ZAB4-1926-SM-57WD8,GTEX-ZAB4,0.855072463768116,0.7425742574257426,0.06382978723404255,0.47686832740213525,0.6410256410256411,0.9427312775330396,0.9238095238095239,0.9285714285714286,0.7671957671957672,0.9375,0.058823529411764705,1.0,0.75,0.9701492537313433,0.862738301559792,0.0728862973760933,0.23404255319148937,0.7474747474747475
GTEX-ZAB4-2126-SM-5HL8U,GTEX-ZAB4,0.898989898989899,0.12244897959183673,0.4755244755244755,0.7970479704797048,0.05660377358490566,1.0,0.15527950310559005,0.2558139534883721,0.20903954802259886,0.40512820512820513,0.10204081632653061,0.2,0.1388888888888889,0.3333333333333333,0.32,0.4121863799283154,0.13333333333333333,0.15384615384615385
GTEX-ZAB4-2226-SM-5HL97,GTEX-ZAB4,0.6503496503496503,0.825,0.1323529411764706,0.49291784702549574,0.6190476190476191,0.8898550724637682,0.728,0.5476190476190477,0.5736434108527132,0.8557046979865772,0.2413793103448276,0.8461538461538461,0.6065573770491803,0.6936936936936937,0.7876424715056989,0.4697674418604651,0.29411764705882354,0.7522123893805309
GTEX-ZAB4-2426-SM-5HL8A,GTEX-ZAB4,0.6422764227642277,0.7922077922077922,0.07526881720430108,0.34727061556329847,0.49206349206349204,0.9442896935933147,0.7941176470588235,0.7066666666666667,0.7388888888888889,0.9359534206695779,0.27522935779816515,0.660377358490566,0.6818181818181818,0.9408284023668639,0.7861799217731421,0.5461847389558233,0.3611111111111111,0.7378640776699029
GTEX-ZAB4-2526-SM-5HL8M,GTEX-ZAB4,0.35064935064935066,0.6428571428571429,0.04639175257731959,0.5793499043977055,0.4583333333333333,0.7116279069767442,0.6256684491978609,0.30120481927710846,0.6681614349775785,0.8172920065252854,0.2744186046511628,0.5959595959595959,0.6417910447761194,0.574468085106383,0.17407407407407408,0.35873015873015873,0.5576036866359447,0.6666666666666666
GTEX-ZAB4-2926-SM-57WCV,GTEX-ZAB4,0.9595687331536388,0.17477477477477477,0.7176470588235294,0.9773049645390071,0.9285714285714286,0.05154639175257732,0.9782608695652174,0.9896818572656921,0.10139860139860139,0.35947712418300654,0.9872611464968153,0.21428571428571427,1.0,0.175,0.1509433962264151,0.9886934673366834,0.07042253521126761,0.65
GTEX-ZAB4-3126-SM-57WCJ,GTEX-ZAB4,0.855072463768116,0.07216494845360824,0.875,0.9424460431654677,0.25,0.38461538461538464,0.6551724137931034,0.6,0.050761421319796954,0.14741035856573706,0.25,0.48,0.5897435897435898,0.1232876712328767,0.08396946564885496,0.9383033419023136,0.10810810810810811,0.0
GTEX-ZUA1-0002-SM-4YCF7,GTEX-ZUA1,0.0,0.014492753623188406,0.9896373056994818,0.9714964370546318,0.02702702702702703,0.0,1.0,0.005025125628140704,0.00392156862745098,0.012121212121212121,0.42857142857142855,0.13978494623655913,0.043478260869565216,0.061224489795918366,1.0,0.3686534216335541,0.09433962264150944,0.6082474226804123
GTEX-ZUA1-0005-SM-4YCEV,GTEX-ZUA1,0.05263157894736842,0.0,0.8591549295774648,0.8653846153846154,0.012345679012345678,0.42857142857142855,0.8,0.05263157894736842,0.0,0.04081632653061224,0.45454545454545453,0.4117647058823529,0.13924050632911392,0.08108108108108109,1.0,0.3409090909090909,0.2,0.0
GTEX-ZUA1-0008-SM-4YCEW,GTEX-ZUA1,0.7419354838709677,0.5823293172690763,0.013953488372093023,0.3669527896995708,0.3465346534653465,1.0,0.6482412060301508,0.34210526315789475,0.695067264573991,0.9388794567062818,0.10574018126888217,0.8651685393258427,0.35,0.4166666666666667,0.0187018701870187,0.008333333333333333,0.6551724137931034,0.3333333333333333
GTEX-ZUA1-0011-R10a-SM-51MT6,GTEX-ZUA1,0.5324675324675324,0.3115942028985507,0.279383429672447,0.9525368248772504,0.7543859649122807,0.16666666666666666,0.92,0.9441624365482234,0.31097560975609756,0.3677811550151976,0.93717277486911,0.2222222222222222,0.8823529411764706,0.12,0.14084507042253522,0.9585921325051759,0.23333333333333334,0.6385542168674698
GTEX-ZUA1-0011-R11b-SM-51MTI,GTEX-ZUA1,0.9433719433719434,0.1753681392235609,0.8598130841121495,0.9711465451784358,0.6666666666666666,0.022222222222222223,1.0,0.9862306368330465,0.044804575786463297,0.4296875,0.9789473684210527,0.1968503937007874,0.8787878787878788,0.2,0.10810810810810811,0.995880535530381,0.07042253521126761,0.7090909090909091
GTEX-ZUA1-0011-R1a-SM-4YCE2,GTEX-ZUA1,0.22807017543859648,0.5510204081632653,0.13312693498452013,0.9347408829174664,0.7307692307692307,0.18518518518518517,0.9210526315789473,0.5918367346938775,0.41700404858299595,0.3663003663003663,0.8350515463917526,0.03225806451612903,0.7931034482758621,0.4,0.24812030075187969,0.9354838709677419,0.7551020408163265,0.6571428571428571
GTEX-ZUA1-0011-R3a-SM-4YCEE,GTEX-ZUA1,0.47058823529411764,0.4031413612565445,0.2778702163061564,0.9606656580937972,0.8490566037735849,0.1568627450980392,0.9154929577464789,0.8894472361809045,0.30791788856304986,0.2459016393442623,0.9119496855345912,0.18181818181818182,0.5789473684210527,0.0,0.1875,0.965559655596556,0.32,0.7464788732394366
GTEX-ZUA1-0011-R5b-SM-51MTG,GTEX-ZUA1,0.28,0.3170731707317073,0.20557491289198607,0.9633544749823819,0.8064516129032258,0.08196721311475409,0.9310344827586207,0.8918918918918919,0.43272727272727274,0.20833333333333334,0.9421965317919075,0.09090909090909091,1.0,0.391304347826087,0.09333333333333334,0.9797979797979798,0.21875,0.6538461538461539
GTEX-ZUA1-0011-R6b-SM-4YCDD,GTEX-ZUA1,0.47058823529411764,0.6388888888888888,0.0634441087613293,0.9143876337693222,0.7777777777777778,0.2222222222222222,0.9148936170212766,0.25806451612903225,0.40331491712707185,0.47481243301178994,0.8904109589041096,0.17525773195876287,0.6785714285714286,0.3870967741935484,0.17647058823529413,0.9526411657559198,0.9325842696629213,0.5945945945945946
GTEX-ZUA1-0011-R7b-SM-4YCDP,GTEX-ZUA1,0.3103448275862069,0.32727272727272727,0.23823109843081314,0.9574816026165167,0.5692307692307692,0.15,0.9797979797979798,0.9432624113475178,0.2757475083056478,0.20584926884139482,0.9390862944162437,0.2727272727272727,0.7419354838709677,0.21052631578947367,0.3151750972762646,0.9764453961456103,0.16883116883116883,0.6833333333333333
GTEX-ZUA1-0011-R8b-SM-51MST,GTEX-ZUA1,0.9024390243902439,0.3798449612403101,0.14583333333333334,0.9599714081486777,0.8620689655172413,0.36,0.8245614035087719,0.7142857142857143,0.2828282828282828,0.5669099756690997,0.8405797101449275,0.05263157894736842,0.9,0.28205128205128205,0.3058823529411765,0.9779917469050894,0.13043478260869565,0.47368421052631576
GTEX-ZUA1-0126-SM-5GU76,GTEX-ZUA1,0.867704280155642,0.27759197324414714,0.10050251256281408,0.6129518072289156,0.2608695652173913,0.8846153846153846,0.43023255813953487,0.5545851528384279,0.5285171102661597,0.7242955064737243,0.12857142857142856,0.673202614379085,0.4883720930232558,0.5869565217391305,0.4200426439232409,0.2158894645941278,0.40229885057471265,0.44
GTEX-ZUA1-0226-SM-5NQ9Q,GTEX-ZUA1,0.7078651685393258,0.5584415584415584,0.013986013986013986,0.43538767395626243,0.45714285714285713,0.8571428571428571,0.7788944723618091,0.6486486486486487,0.7473118279569892,0.9203791469194312,0.125,1.0,0.7368421052631579,0.7606837606837606,0.44017094017094016,0.3048128342245989,0.6525821596244131,0.673469387755102
GTEX-ZUA1-0326-SM-5NQA3,GTEX-ZUA1,0.9811320754716981,0.8787878787878788,0.0967741935483871,0.010401188707280832,0.9285714285714286,0.9797297297297297,0.9701492537313433,0.85,0.9367588932806324,0.9492753623188406,0.7682926829268293,0.987012987012987,0.7142857142857143,0.9726027397260274,0.672316384180791,0.45454545454545453,0.9594594594594594,0.9661016949152542
GTEX-ZUA1-0426-SM-5NQAF,GTEX-ZUA1,0.8166666666666667,0.7894736842105263,0.01675977653631285,0.2660098522167488,0.6470588235294118,0.8585858585858586,0.5668789808917197,0.6585365853658537,0.7854889589905363,0.9343915343915344,0.20689655172413793,0.7894736842105263,0.52,0.8059701492537313,0.5078821110349554,0.5789473684210527,0.7058823529411765,0.6078431372549019
GTEX-ZUA1-0626-SM-4YCCW,GTEX-ZUA1,0.8998778998778999,0.8059071729957806,0.014084507042253521,0.4683982683982684,0.6982758620689655,0.8571428571428571,0.9203187250996016,0.9473684210526315,0.886685552407932,0.9735576923076923,0.05084745762711865,0.9649122807017544,0.8333333333333334,0.9578947368421052,0.9123340707964602,0.15616438356164383,0.44565217391304346,0.8746594005449592
GTEX-ZUA1-0726-SM-4YCD9,GTEX-ZUA1,0.5342465753424658,0.7358490566037735,0.009596928982725527,0.03939393939393939,0.6206896551724138,0.6941176470588235,0.7475728155339806,0.5555555555555556,0.8520900321543409,0.917037037037037,0.36,0.6216216216216216,0.7241379310344828,0.6060606060606061,0.1708185053380783,0.6142131979695431,0.7309941520467836,0.6571428571428571
GTEX-ZUA1-0826-SM-4YCDL,GTEX-ZUA1,0.7142857142857143,0.4444444444444444,0.0,0.140893470790378,1.0,0.8,0.5833333333333334,0.2631578947368421,0.8924731182795699,0.9635416666666666,0.25806451612903225,0.5384615384615384,0.2,0.7142857142857143,0.23170731707317074,0.42657342657342656,1.0,0.375
GTEX-ZUA1-0926-SM-4YCDX,GTEX-ZUA1,0.8712871287128713,0.35555555555555557,0.45539906103286387,0.831390134529148,0.24,0.7,0.2946859903381642,0.3235294117647059,0.18067226890756302,0.5389988358556461,0.18181818181818182,0.2876712328767123,0.46511627906976744,0.4117647058823529,0.1651376146788991,0.3075684380032206,0.2808988764044944,0.1111111111111111
GTEX-ZUA1-1026-SM-4YCEA,GTEX-ZUA1,0.36666666666666664,0.3904761904761905,0.22267206477732793,0.47716535433070867,0.2558139534883721,0.9285714285714286,0.6470588235294118,0.3783783783783784,0.3466666666666667,0.718562874251497,0.16981132075471697,0.55,0.1724137931034483,0.8596491228070176,0.35648994515539306,0.36482084690553745,0.24752475247524752,0.23404255319148937
GTEX-ZUA1-1226-SM-5NQ6O,GTEX-ZUA1,0.9316239316239316,0.13513513513513514,0.40458015267175573,0.9565217391304348,0.07317073170731707,0.7777777777777778,0.1,0.2972972972972973,0.14868804664723032,0.5830388692579506,0.1262135922330097,0.2777777777777778,0.05084745762711865,0.35,0.42857142857142855,0.14457831325301204,0.17757009345794392,0.3333333333333333
GTEX-ZUA1-1526-SM-59HLS,GTEX-ZUA1,0.6904761904761905,0.4074074074074074,0.03773584905660377,0.3994053518334985,0.30612244897959184,0.7735849056603774,0.7531914893617021,0.39344262295081966,0.7857142857142857,0.8679050567595459,0.2,0.8241758241758241,0.8048780487804879,0.6521739130434783,0.18023255813953487,0.596529284164859,0.6923076923076923,0.6612903225806451
GTEX-ZUA1-1926-SM-5E45E,GTEX-ZUA1,0.22580645161290322,0.5454545454545454,0.13253012048192772,0.8762214983713354,0.5294117647058824,1.0,0.8181818181818182,0.1,0.6352941176470588,0.5424836601307189,0.16666666666666666,0.3333333333333333,0.6842105263157895,0.27586206896551724,0.09090909090909091,0.22608695652173913,0.3069306930693069,0.10112359550561797
GTEX-ZUA1-2126-SM-57YRB,GTEX-ZUA1,0.6575342465753424,0.7222222222222222,0.033707865168539325,0.41260162601626016,0.4794520547945205,0.7,0.6353591160220995,0.6268656716417911,0.7274939172749392,0.9286367795059469,0.135678391959799,0.7391304347826086,0.5294117647058824,0.811965811965812,0.23613963039014374,0.5966386554621849,0.6065573770491803,0.48
GTEX-ZUA1-2626-SM-5NQ92,GTEX-ZUA1,0.912568306010929,0.13385826771653545,0.29838709677419356,0.8221574344023324,0.14285714285714285,0.6111111111111112,0.2976588628762542,0.3698630136986301,0.2962962962962963,0.5340909090909091,0.08280254777070063,0.4642857142857143,0.16417910447761194,0.5471698113207547,0.16012084592145015,0.3456561922365989,0.16981132075471697,0.12195121951219512
GTEX-ZUA1-2726-SM-59HLJ,GTEX-ZUA1,0.20833333333333334,0.17391304347826086,0.6368563685636857,0.9066478076379066,0.024320457796852647,0.5,0.9438202247191011,0.5294117647058824,0.09665427509293681,0.17344173441734417,0.6883629191321499,0.08045977011494253,0.057722308892355696,0.02830188679245283,0.19254658385093168,0.32229299363057323,0.3548387096774194,0.07692307692307693
GTEX-ZUA1-2826-SM-59HLE,GTEX-ZUA1,0.8285714285714286,0.2,0.3559322033898305,0.8890122086570478,0.1111111111111111,1.0,0.15789473684210525,0.4153846153846154,0.13793103448275862,0.3261455525606469,0.19463087248322147,0.3103448275862069,0.2727272727272727,0.23809523809523808,0.44715447154471544,0.27927927927927926,0.23076923076923078,0.25
GTEX-ZUA1-2926-SM-59HL3,GTEX-ZUA1,0.952329360780065,0.17569352708058125,0.8901098901098901,0.9923469387755102,1.0,0.05714285714285714,1.0,0.9867330016583747,0.03213610586011342,0.43655913978494626,0.9711191335740073,0.12280701754385964,0.9583333333333334,0.17333333333333334,0.1111111111111111,0.9963980189104007,0.02040816326530612,0.6
GTEX-ZUA1-3026-SM-59HJC,GTEX-ZUA1,0.7634408602150538,0.20844327176781002,0.3468354430379747,0.969989281886388,0.5636363636363636,0.1509433962264151,0.9529411764705882,0.9567901234567902,0.19344262295081968,0.3391304347826087,0.9568345323741008,0.14814814814814814,0.8235294117647058,0.07142857142857142,0.21739130434782608,0.9853569249542404,0.19230769230769232,0.8113207547169812
GTEX-ZUA1-3126-SM-59HJ8,GTEX-ZUA1,0.4368932038834951,0.19254658385093168,0.2571428571428571,0.8719806763285024,0.4492753623188406,0.3191489361702128,0.7634408602150538,0.23333333333333334,0.3465909090909091,0.2789115646258503,0.3523809523809524,0.39325842696629215,0.47619047619047616,0.18181818181818182,0.05623471882640587,0.8592375366568915,0.5172413793103449,0.3493975903614458
GTEX-11EQ9-0002-SM-5QGQ1,GTEX-11EQ9,,0.0,0.948051948051948,0.9952038369304557,0.0,0.0,0.8703703703703703,0.0,0.0,0.02,0.391304347826087,0.1794871794871795,0.07563025210084033,0.11827956989247312,0.0,0.22966507177033493,0.0,0.45098039215686275
GTEX-11EQ9-0006-SM-5LUB6,GTEX-11EQ9,,0.0,0.6631578947368421,0.9688715953307393,0.0,0.0,0.5,0.022556390977443608,0.0170316301703163,0.05,0.52,0.06666666666666667,0.058823529411764705,0.08,0.3333333333333333,0.4857142857142857,0.0,
GTEX-12696-0002-SM-5SI6U,GTEX-12696,,0.0,0.9810126582278481,0.9897172236503856,0.0,,0.9285714285714286,0.0,0.005494505494505495,0.03286384976525822,0.3333333333333333,0.41379310344827586,0.07368421052631578,0.1125,,0.08627450980392157,0.10204081632653061,0.5882352941176471
GTEX-13OVJ-0006-SM-5O98T,GTEX-13OVJ,,0.0,0.872,0.9663299663299664,0.05263157894736842,0.6,0.0,0.04477611940298507,0.013392857142857142,0.047619047619047616,0.5131578947368421,0.030303030303030304,0.125,0.07462686567164178,0.5,0.4722222222222222,0.0,
gene_name,gene_name,ARHGEF10L,CLSTN1,ADD3,ATP5C1,CCSER2,SORBS1,CTNND1,CAMKK2,MARK3,MPRIP,CARM1,MAP2K7,TTC7A,THOC5,CALD1,SPTAN1,VLDLR,DMD
